species;year
Culiseta annulata;2010
Culiseta annulata;2010
Aedes cantans;2010
Aedes cantans;2010
Culex pipiens;2010
Aedes rusticus;2010
Coquillettidia richiardii;2010
Culex pipiens;2010
Coquillettidia richiardii;2010
Aedes rusticus;2010
Aedes cantans;2010
Aedes communis;2010
Aedes cantans;2010
Culex pipiens;2010
Culex pipiens;2010
Culex pipiens;2010
Culiseta annulata;2010
Culex pipiens;2010
Culex pipiens;2010
Aedes geniculatus;2010
Aedes rusticus;2010
Aedes communis;2010
Culiseta annulata;2010
Aedes rusticus;2010
Culex pipiens;2010
Culex pipiens;2010
Aedes punctor;2010
Aedes punctor;2010
Aedes geniculatus;2010
Culex pipiens;2010
Aedes cantans;2010
Anopheles maculipennis;2010
Aedes cinereus;2010
Aedes communis;2010
Culex pipiens;2010
;2010
Aedes communis;2010
Culex pipiens;2010
Culex pipiens;2010
Aedes rusticus;2010
Culex pipiens;2010
Culex pipiens;2010
Aedes cantans;2010
Aedes rusticus;2010
Anopheles maculipennis;2010
Culex pipiens;2010
Aedes cantans;2010
Aedes communis;2010
Aedes cantans;2010
Culex pipiens;2010
Culiseta annulata;2010
Aedes rusticus;2010
Aedes cantans;2010
Aedes communis;2010
Culex pipiens;2010
Aedes cantans;2010
Culiseta annulata;2010
Aedes cantans;2010
Aedes rusticus;2010
Aedes cantans;2010
Aedes detritus;2010
Aedes cinereus;2010
Culex pipiens;2010
Aedes cantans;2010
Culex pipiens;2010
Aedes koreicus;2010
Aedes communis;2010
Anopheles plumbeus;2010
Culex pipiens;2010
Culex pipiens;2010
Culiseta morsitans;2010
Aedes geniculatus;2010
Aedes cantans;2010
Coquillettidia richiardii;2010
Culiseta annulata;2010
Aedes cantans;2010
Aedes geniculatus;2010
Culex pipiens;2010
Aedes cinereus;2010
;2010
Culiseta fumipennis;2010
Aedes communis;2010
Aedes cinereus;2010
Aedes cantans;2010
Aedes punctor;2010
Aedes cantans;2010
Culex pipiens;2010
Aedes punctor;2010
Aedes cantans;2010
Anopheles claviger;2010
Aedes koreicus;2010
Aedes geniculatus;2010
Culiseta morsitans;2010
Aedes cinereus;2010
Aedes cantans;2010
Anopheles plumbeus;2010
Coquillettidia richiardii;2010
Aedes cinereus;2010
Culex pipiens;2010
Aedes dorsalis;2010
Anopheles maculipennis;2010
Aedes cinereus;2010
Anopheles plumbeus;2010
Coquillettidia richiardii;2010
Aedes geniculatus;2010
Culiseta annulata;2009
Culex pipiens;2010
;2010
Anopheles claviger;2010
Culiseta annulata;2010
Culex pipiens;2009
Aedes cinereus;2010
Aedes cantans;2010
Culex pipiens;2010
Anopheles plumbeus;2010
Aedes cantans;2010
Culex pipiens;2009
Culex pipiens;2010
Coquillettidia richiardii;2010
Aedes geniculatus;2010
Culex pipiens;2010
Culex pipiens;2010
Culiseta fumipennis;2010
Anopheles maculipennis;2009
Aedes punctor;2010
Culex pipiens;2009
Aedes geniculatus;2010
Aedes cantans;2010
;2010
Aedes cantans;2010
Culex pipiens;2010
Culex pipiens;2009
Culiseta annulata;2010
Culex pipiens;2010
Culex pipiens;2010
Culex pipiens;2009
Culex pipiens;2009
;2008
Culex pipiens;2010
Culex pipiens;2008
;2010
Aedes cantans;2008
Anopheles claviger;2009
Culex pipiens;2009
Culex pipiens;2009
Culex pipiens;2009
Culex pipiens;2009
Culex torrentium;2009
Coquillettidia richiardii;2010
Culex pipiens;2010
Culiseta annulata;2009
Culex pipiens;2009
Culiseta annulata;2010
Culex pipiens;2009
Culex pipiens;2009
Coquillettidia richiardii;2010
Anopheles claviger;2009
Aedes cantans;2010
Culex pipiens;2009
Anopheles plumbeus;2010
Culex pipiens;2009
Culex pipiens;2009
Culex pipiens;2009
Culex pipiens;2009
Aedes cinereus;2008
Aedes geniculatus;2010
Culex pipiens;2009
Culex pipiens;2009
Culiseta annulata;2009
Culex pipiens;2009
Culex pipiens;2009
Culex pipiens;2009
Anopheles claviger;2009
Culiseta annulata;2009
Culex pipiens;2009
Culex pipiens;2009
Culex pipiens;2009
Culex pipiens;2008
Culex pipiens;2009
Culex pipiens;2009
Anopheles claviger;2009
Anopheles claviger;2009
Culex pipiens;2009
Culex pipiens;2009
Culex pipiens;2010
Anopheles plumbeus;2009
Culex pipiens;2009
Culex pipiens;2009
Culex pipiens;2009
Culex pipiens;2009
Culex pipiens;2009
Culex pipiens;2009
Aedes geniculatus;2009
Culex pipiens;2009
Culex pipiens;2009
Anopheles claviger;2009
Culiseta annulata;2009
Culex pipiens;2009
Culex pipiens;2009
Aedes geniculatus;2009
Culex pipiens;2009
Aedes geniculatus;2009
Culex pipiens;2009
Culex pipiens;2009
Anopheles claviger;2009
Culex pipiens;2009
Culex pipiens;2009
Culex pipiens;2009
Culex pipiens;2009
Culex pipiens;2010
Culex pipiens;2009
Culex pipiens;2009
Culex pipiens;2009
Culex pipiens;2009
Culex pipiens;2009
Culex pipiens;2009
Culiseta annulata;2009
Culex torrentium;2009
Culex pipiens;2009
Culex pipiens;2009
Culex pipiens;2009
Culex torrentium;2009
Culex pipiens;2009
Aedes geniculatus;2009
Aedes geniculatus;2009
Anopheles claviger;2009
Anopheles claviger;2009
Culex pipiens;2009
Culex pipiens;2009
Culex torrentium;2009
Aedes cantans;2009
Culex pipiens;2009
Culex torrentium;2009
Culex pipiens;2009
Culex pipiens;2009
Culex pipiens;2009
Aedes japonicus;2009
Culex pipiens;2009
Anopheles maculipennis;2009
Culex pipiens;2009
Culex torrentium;2009
Culex pipiens;2009
Anopheles plumbeus;2009
Culiseta morsitans;2007
Culex pipiens;2009
Culex pipiens;2009
Culex pipiens;2009
Culex pipiens;2009
Culex pipiens;2009
Culex pipiens;2009
Culex pipiens;2009
Culex pipiens;2009
Culex pipiens;2009
Culex pipiens;2009
Anopheles claviger;2009
Culex pipiens;2009
Culex pipiens;2009
Culex pipiens;2009
Culex pipiens;2008
Culex pipiens;2009
Aedes caspius;2009
Culex pipiens;2008
Culex torrentium;2009
Culex pipiens;2009
Aedes cinereus;2008
Culex pipiens;2009
Aedes punctor;2008
Anopheles claviger;2007
Culex pipiens;2007
Culex pipiens;2009
Culiseta annulata;2008
Culex pipiens;2009
Anopheles claviger;2007
Culex pipiens;2008
Anopheles plumbeus;2007
Culiseta annulata;2009
Culex pipiens;2009
Aedes caspius;2008
Culex pipiens;2009
Culex pipiens;2009
Culex pipiens;2007
Culex pipiens;2008
Aedes punctor;2007
Aedes cinereus;2007
Culiseta annulata;2009
Culex pipiens;2007
Culex pipiens;2007
Aedes vexans;2008
Aedes geniculatus;2008
Aedes cantans;2008
Culex pipiens;2007
Anopheles plumbeus;2008
Aedes cinereus;2008
Anopheles claviger;2008
Anopheles claviger;2008
Anopheles maculipennis;2008
Aedes cantans;2007
Aedes vexans;2008
Culex pipiens;2008
Coquillettidia richiardii;2007
Aedes vexans;2008
Culex pipiens;2007
Culex pipiens;2008
Aedes sticticus;2008
Aedes communis;2008
Culex pipiens;2008
;2009
Aedes caspius;2008
Culex pipiens;2008
Anopheles maculipennis;2008
Anopheles claviger;2008
Aedes cantans;2008
Anopheles plumbeus;2008
Culex pipiens;2008
Aedes geniculatus;2008
Aedes cinereus;2008
Culiseta annulata;2008
Anopheles maculipennis;2008
Aedes annulipes;2008
Aedes vexans;2008
Aedes cinereus;2008
Coquillettidia richiardii;2008
Coquillettidia richiardii;2008
Aedes cinereus;2008
Culiseta annulata;2008
;2008
Culex pipiens;2008
Culex pipiens;2008
Culex pipiens;2008
Anopheles plumbeus;2009
Culiseta annulata;2008
Culiseta morsitans;2008
Culex pipiens;2008
Aedes communis;2008
Aedes vexans;2008
Aedes annulipes;2008
Aedes cinereus;2008
Aedes punctor;2008
Aedes cinereus;2008
Aedes cinereus;2008
Culex pipiens;2008
Aedes caspius;2008
Culiseta morsitans;2008
Aedes cantans;2008
Aedes sticticus;2008
Aedes detritus;2008
Aedes communis;2008
Aedes cinereus;2008
Aedes vexans;2008
Aedes punctor;2008
Aedes communis;2008
Aedes vexans;2008
Coquillettidia richiardii;2008
Coquillettidia richiardii;2008
Anopheles claviger;2008
Aedes annulipes;2008
Coquillettidia richiardii;2008
;2007
Coquillettidia richiardii;2008
Culiseta annulata;2008
Aedes cantans;2008
Anopheles claviger;2008
Culex pipiens;2008
Culiseta morsitans;2008
Culiseta annulata;2008
Culiseta annulata;2008
Culiseta morsitans;2008
Culex pipiens;2008
Aedes vexans;2008
Anopheles claviger;2008
Culex pipiens;2008
Culex pipiens;2008
Anopheles maculipennis;2008
Aedes cantans;2008
Aedes sticticus;2008
Aedes communis;2008
Culex pipiens;2008
Culex pipiens;2008
Culiseta annulata;2008
Aedes vexans;2008
Culiseta annulata;2008
Anopheles maculipennis;2008
Aedes sticticus;2008
Culex pipiens;2008
;2008
Aedes sticticus;2008
Culex pipiens;2008
Aedes sticticus;2008
Coquillettidia richiardii;2008
Aedes annulipes;2008
Aedes cinereus;2008
Culiseta annulata;2008
Aedes communis;2008
Aedes cantans;2008
Culiseta morsitans;2008
Aedes communis;2008
Aedes sticticus;2008
Culiseta morsitans;2008
Anopheles maculipennis;2008
Anopheles maculipennis;2008
Aedes cinereus;2008
Aedes punctor;2008
Aedes cantans;2008
Aedes sticticus;2008
Aedes cantans;2008
Aedes cinereus;2008
Culiseta annulata;2008
Anopheles plumbeus;2008
Aedes cinereus;2008
Anopheles plumbeus;2008
Aedes geniculatus;2008
Culex pipiens;2008
Culiseta morsitans;2008
Aedes cantans;2008
Culex pipiens;2008
Aedes vexans;2008
Aedes cinereus;2008
Aedes punctor;2008
Anopheles maculipennis;2008
Aedes punctor;2008
Aedes punctor;2008
;2008
Aedes sticticus;2008
Aedes sticticus;2008
Aedes communis;2008
Aedes vexans;2008
Aedes sticticus;2008
Aedes geniculatus;2008
Aedes cantans;2008
Anopheles plumbeus;2008
Aedes cinereus;2008
Aedes punctor;2008
Culex pipiens;2008
Culex territans;2008
Aedes rusticus;2008
Aedes cantans;2008
Culiseta annulata;2008
Anopheles plumbeus;2008
Aedes geniculatus;2008
Anopheles claviger;2008
Aedes rusticus;2008
Culiseta annulata;2008
Anopheles claviger;2008
Aedes vexans;2008
Anopheles claviger;2008
Anopheles plumbeus;2008
Anopheles plumbeus;2008
Culex pipiens;2008
Aedes sticticus;2008
Anopheles claviger;2008
Culex pipiens;2008
Aedes geniculatus;2008
Culex pipiens;2008
Anopheles claviger;2008
Aedes rusticus;2008
Culex pipiens;2008
Culex pipiens;2008
Aedes cantans;2008
Aedes punctor;2008
Aedes cantans;2008
Aedes rusticus;2008
Culiseta annulata;2008
Culex pipiens;2008
Aedes geniculatus;2008
Aedes communis;2008
Aedes cinereus;2008
Aedes caspius;2008
Coquillettidia richiardii;2008
Anopheles claviger;2008
Aedes cantans;2008
Culiseta annulata;2008
Aedes communis;2008
Culex pipiens;2008
Aedes cinereus;2008
Culex pipiens;2008
Culex pipiens;2008
Aedes cinereus;2008
Culex pipiens;2008
Culex pipiens;2008
Aedes cantans;2008
Aedes communis;2008
Aedes cinereus;2008
Culiseta annulata;2008
Culiseta annulata;2008
Culex pipiens;2008
Coquillettidia richiardii;2008
Culex pipiens;2008
Anopheles plumbeus;2008
Culex pipiens;2008
Anopheles plumbeus;2008
Culex pipiens;2008
Culiseta annulata;2008
Culex pipiens;2008
Culex pipiens;2008
Culex pipiens;2008
Culex pipiens;2008
Anopheles claviger;2008
Aedes vexans;2008
Anopheles plumbeus;2008
Culex pipiens;2008
Aedes cinereus;2008
Culex pipiens;2008
Aedes geniculatus;2008
Culex pipiens;2008
Culex pipiens;2008
Culex pipiens;2008
Aedes punctor;2008
Culex pipiens;2007
Culex pipiens;2008
Culex pipiens;2008
Aedes caspius;2008
Culex pipiens;2008
Anopheles plumbeus;2008
Culex pipiens;2008
Aedes cantans;2008
Aedes communis;2008
Culex pipiens;2008
Culex torrentium;2007
Culex pipiens;2008
Culex pipiens;2007
Culex pipiens;2008
Aedes cantans;2008
Culex pipiens;2008
Culex pipiens;2008
Culex pipiens;2008
Culex pipiens;2008
Anopheles claviger;2008
Culex pipiens;2008
Culex pipiens;2008
Culiseta annulata;2008
Anopheles claviger;2008
Culex pipiens;2008
Culex pipiens;2008
Culex pipiens;2008
Culex pipiens;2008
Culex pipiens;2008
Culiseta annulata;2008
Culex pipiens;2008
Aedes cantans;2008
Anopheles claviger;2008
Culiseta morsitans;2008
Culex pipiens;2008
Anopheles claviger;2008
Anopheles claviger;2008
Culex pipiens;2008
Aedes vexans;2008
Culiseta annulata;2007
Anopheles claviger;2008
Culex pipiens;2008
Culiseta annulata;2008
Anopheles claviger;2008
Culex pipiens;2008
Anopheles plumbeus;2008
Anopheles claviger;2008
Aedes geniculatus;2008
Culex pipiens;2008
Culex pipiens;2008
Culiseta annulata;2008
Anopheles claviger;2008
Culex pipiens;2008
Anopheles plumbeus;2008
Culex pipiens;2008
Culex pipiens;2008
Culex pipiens;2008
Anopheles claviger;2008
Culex pipiens;2008
Culex pipiens;2007
Culiseta annulata;2008
Culex pipiens;2008
Anopheles plumbeus;2008
Culex pipiens;2008
Culiseta annulata;2008
Culex pipiens;2008
Culiseta annulata;2008
Culex pipiens;2008
Culex pipiens;2008
Culex pipiens;2008
Culex pipiens;2008
Culex pipiens;2008
Culex pipiens;2008
Culex pipiens;2008
Culex pipiens;2008
Culex pipiens;2008
Anopheles claviger;2008
Culex pipiens;2008
Culiseta annulata;2008
Anopheles plumbeus;2008
Culex pipiens;2008
Culiseta annulata;2008
Culex pipiens;2008
Culex torrentium;2008
Culex pipiens;2008
Anopheles claviger;2008
Anopheles claviger;2008
Culiseta annulata;2008
Culex pipiens;2008
Culiseta annulata;2008
Culex pipiens;2008
Culex pipiens;2008
Culex pipiens;2008
Culex pipiens;2008
Culex pipiens;2008
Culex pipiens;2008
Culex pipiens;2008
Culex pipiens;2008
;2008
Aedes cantans;2008
Culiseta annulata;2008
Culex pipiens;2008
Anopheles claviger;2008
Culex pipiens;2008
Culex pipiens;2008
Culex pipiens;2008
Culex pipiens;2008
Anopheles claviger;2008
Aedes cantans;2008
Culex pipiens;2008
Anopheles claviger;2008
Aedes cantans;2008
Anopheles claviger;2008
Culex pipiens;2008
Culex pipiens;2008
Culex pipiens;2008
Aedes geniculatus;2008
Culex pipiens;2008
Aedes geniculatus;2008
Culex pipiens;2008
Aedes cantans;2008
Anopheles maculipennis;2007
Anopheles claviger;2008
;2008
Culex pipiens;2008
Anopheles claviger;2008
Culex pipiens;2008
Aedes punctor;2008
Culex pipiens;2008
Culiseta annulata;2008
Culex pipiens;2007
Culiseta annulata;2008
Culex pipiens;2008
Culex pipiens;2008
Aedes cinereus;2007
Culex pipiens;2008
Anopheles plumbeus;
Culiseta annulata;2008
Aedes rusticus;
Anopheles plumbeus;2008
;2008
Culex pipiens;2008
Aedes punctor;2008
Culex pipiens;2007
Anopheles plumbeus;2008
Anopheles plumbeus;2008
Coquillettidia richiardii;2007
Culex pipiens;
Anopheles maculipennis;2008
Anopheles claviger;2007
Anopheles claviger;2007
Culiseta annulata;
Culex torrentium;2007
;2008
;2008
Aedes detritus;
Aedes punctor;2008
Aedes rusticus;2008
Culex pipiens;2008
Aedes communis;2007
Anopheles plumbeus;2007
Aedes cinereus;2008
Aedes geniculatus;2008
;2008
Culiseta morsitans;2008
;2008
Culex pipiens;
Culex pipiens;2008
Anopheles plumbeus;2008
Culex pipiens;2008
Culex pipiens;2008
Aedes punctor;2008
Aedes cinereus;2008
Anopheles maculipennis;2008
Aedes rusticus;2008
Aedes communis;2008
Culex pipiens;2008
Aedes cantans;2008
Culex territans;2008
;2008
Culiseta annulata;2008
Aedes caspius;2007
Anopheles plumbeus;2007
;2007
Aedes cantans;2008
Aedes cinereus;
Culex pipiens;2007
;2008
;2008
Aedes punctor;2007
Culex pipiens;2007
Culex pipiens;2008
Anopheles claviger;2008
Aedes geniculatus;2008
Aedes punctor;2007
Culex pipiens;2008
Aedes punctor;2008
;2007
Anopheles claviger;2008
Anopheles plumbeus;2008
Anopheles claviger;
Culex pipiens;2007
Culex pipiens;2008
Anopheles claviger;2008
Culiseta annulata;2007
Culex pipiens;2007
Anopheles plumbeus;2007
Anopheles maculipennis;2007
Culiseta annulata;2007
Aedes cinereus;2008
Culex pipiens;2008
Aedes communis;2008
Anopheles maculipennis;2008
Anopheles claviger;2007
Aedes cantans;2008
Coquillettidia richiardii;2007
Coquillettidia richiardii;2007
Culex pipiens;2008
Coquillettidia richiardii;2007
Culex pipiens;2008
;2008
;2007
Anopheles plumbeus;2007
Coquillettidia richiardii;2007
Aedes punctor;2008
;2008
;2008
Culex pipiens;2007
Anopheles maculipennis;2008
Aedes rusticus;2008
Culex pipiens;2008
Culex pipiens;2007
Anopheles claviger;2008
Culex pipiens;2008
Culex pipiens;2007
Culex pipiens;2007
Culiseta annulata;2008
Culex pipiens;2008
Anopheles maculipennis;2008
Aedes communis;2008
Anopheles maculipennis;2008
Anopheles maculipennis;2008
Anopheles maculipennis;2007
Culex pipiens;2007
Culiseta morsitans;2008
Anopheles claviger;2008
Culex pipiens;2008
Anopheles maculipennis;2008
Aedes geniculatus;2007
Anopheles claviger;2007
Aedes rusticus;2008
Culex pipiens;2008
Anopheles maculipennis;2007
Culiseta annulata;2007
Anopheles claviger;2008
Anopheles plumbeus;2007
Culiseta annulata;2008
Culex pipiens;2008
Culex pipiens;2008
Anopheles claviger;2008
Culex pipiens;2007
Anopheles maculipennis;2007
Culex pipiens;2007
Aedes rusticus;2008
Anopheles maculipennis;2008
Culiseta annulata;2008
Culex pipiens;2007
Aedes cantans;2008
Culex pipiens;2008
;2008
Aedes geniculatus;2008
Culiseta annulata;2007
Culex pipiens;2008
Culiseta morsitans;2008
Culex pipiens;2007
Culex pipiens;2007
Anopheles maculipennis;2008
Anopheles maculipennis;2007
Culex pipiens;2008
Aedes communis;2008
Culex pipiens;2008
Anopheles claviger;2008
Aedes punctor;2008
Aedes cinereus;2008
Anopheles plumbeus;2007
Anopheles plumbeus;2008
Culex pipiens;2008
;2008
Aedes cantans;2008
Culex pipiens;2008
Anopheles maculipennis;2008
Anopheles claviger;2008
Anopheles maculipennis;2008
Culiseta annulata;2008
Culex pipiens;2008
Culex pipiens;2007
Aedes communis;2008
Aedes cinereus;2007
Aedes punctor;2008
Culex pipiens;2007
Culex pipiens;2008
Aedes cantans;2008
Aedes vexans;2008
Culex pipiens;2008
Culex pipiens;2008
Culex pipiens;2008
Anopheles claviger;2008
Culex pipiens;2008
Coquillettidia richiardii;2008
Anopheles claviger;2008
Anopheles plumbeus;2008
Culex pipiens;2008
Culex pipiens;2008
Culex pipiens;2008
Anopheles claviger;2008
Culex pipiens;2008
Culex pipiens;2008
Aedes vexans;2008
Anopheles plumbeus;2008
Aedes annulipes;2008
Aedes cinereus;2008
Aedes cinereus;2008
Culiseta annulata;2008
Coquillettidia richiardii;2008
Culiseta morsitans;2008
Culex pipiens;2008
Culiseta morsitans;2008
Aedes geniculatus;2007
Culex pipiens;2008
Anopheles plumbeus;2008
Culex pipiens;2008
Coquillettidia richiardii;2008
Aedes geniculatus;2008
Culex pipiens;2008
Culex pipiens;2008
Culex pipiens;2008
Culex pipiens;2008
Anopheles claviger;2008
Anopheles plumbeus;2008
Culex pipiens;2008
Culex pipiens;2008
Culex pipiens;2008
Aedes cinereus;2008
Culex pipiens;2008
Culex pipiens;2008
Culex pipiens;2008
Culex pipiens;2008
Culiseta annulata;2008
Culiseta annulata;2008
Culex pipiens;2008
Anopheles claviger;2008
Culex pipiens;2008
Anopheles claviger;2008
Culex pipiens;2008
Culex pipiens;2008
Culex pipiens;2008
Culex pipiens;2008
Aedes cinereus;2008
Anopheles claviger;2008
Culex pipiens;2008
Culex pipiens;2008
Culex pipiens;2008
Culex pipiens;2008
Aedes cantans;2008
Culex pipiens;2008
Culex pipiens;2008
Culex pipiens;2008
Culex pipiens;2008
Culex pipiens;2008
Aedes cinereus;2008
Anopheles claviger;2008
Anopheles plumbeus;2008
Culex pipiens;2008
Culiseta annulata;2008
Aedes geniculatus;2008
Culex pipiens;2008
Culiseta annulata;2008
Culex pipiens;2008
Anopheles claviger;2008
Culex pipiens;2008
Culex pipiens;2008
Culex pipiens;2008
Culiseta annulata;2008
Culex pipiens;2008
Culex pipiens;2008
Culex pipiens;2008
Culex pipiens;2008
Anopheles claviger;2008
Culiseta annulata;2008
Culex pipiens;2008
Culex pipiens;2008
Culex pipiens;2008
Culex pipiens;2008
Culex pipiens;2008
Anopheles claviger;2008
Aedes cinereus;2008
Coquillettidia richiardii;2008
Culex pipiens;2008
Culex territans;2008
Culex pipiens;2008
Culex pipiens;2008
Culex pipiens;2008
Culex pipiens;2008
Culex pipiens;2008
Culex pipiens;2008
Culex territans;2008
Anopheles plumbeus;2008
Culex torrentium;2008
Culex pipiens;2008
Aedes rusticus;2008
Anopheles plumbeus;2008
Culex pipiens;2008
Culex pipiens;2008
Culex pipiens;2008
Culex pipiens;2008
Culex pipiens;2008
Culex pipiens;2008
Aedes caspius;2008
Culex pipiens;2008
Culex pipiens;2008
Culex pipiens;2008
Aedes cantans;2008
Culex pipiens;2008
Culex pipiens;2008
Culex pipiens;2008
Aedes rusticus;2008
Anopheles claviger;2008
Aedes caspius;2008
Culex pipiens;2008
Anopheles claviger;2008
Culex pipiens;2008
Coquillettidia richiardii;2008
Culex pipiens;2008
Culex pipiens;2008
Aedes punctor;2008
Coquillettidia richiardii;2008
Culiseta annulata;2008
Culex pipiens;2008
Culex pipiens;2008
Culex pipiens;2008
Culex pipiens;2008
Culex pipiens;2008
Culex pipiens;2008
Aedes cinereus;2008
Culex pipiens;2008
Culex pipiens;2008
Culiseta morsitans;2008
Anopheles claviger;2008
Anopheles maculipennis;2008
Culex pipiens;2008
Culiseta annulata;2008
Anopheles claviger;2008
Culex pipiens;2008
Culex pipiens;2008
Anopheles claviger;2008
Culex pipiens;2008
Culex pipiens;2008
Aedes cinereus;2008
Culex pipiens;2008
Anopheles maculipennis;2008
Anopheles plumbeus;2008
Culiseta annulata;2008
Culex torrentium;2008
Coquillettidia richiardii;2008
Culex pipiens;2008
Coquillettidia richiardii;2008
Culex torrentium;2008
Culex pipiens;2008
Aedes cinereus;2008
Culex pipiens;2008
Culex pipiens;2008
Coquillettidia richiardii;2008
Anopheles claviger;2008
Aedes communis;2008
Culex pipiens;2008
Culex pipiens;2008
Anopheles claviger;2008
Anopheles maculipennis;2008
Culex pipiens;2008
Aedes detritus;2008
Culex pipiens;2008
Culiseta morsitans;2008
Culiseta morsitans;2008
Culiseta annulata;2008
Anopheles claviger;2008
Aedes cinereus;2008
Culex pipiens;2008
Aedes cantans;2008
Culiseta annulata;2008
Culex pipiens;2008
Culex pipiens;2008
Aedes punctor;2008
Aedes punctor;2008
Culex pipiens;2008
Aedes rusticus;2008
Anopheles claviger;2008
Culex pipiens;2008
Aedes punctor;2008
Culex pipiens;2008
Aedes cantans;2008
Culex pipiens;2008
Aedes rusticus;2008
Aedes cinereus;2008
Culex pipiens;2008
Culiseta annulata;2008
Culex pipiens;2008
Aedes geniculatus;2008
Aedes cinereus;2008
Culiseta annulata;2008
Aedes sticticus;2008
Anopheles plumbeus;2008
Culex pipiens;2008
Culex territans;2008
Aedes communis;2008
Aedes cinereus;2008
Culex torrentium;2008
Culex pipiens;2008
Aedes cantans;2008
Culiseta annulata;2008
Culex pipiens;2008
Culiseta morsitans;2008
Aedes vexans;2008
Anopheles claviger;2008
Culex pipiens;2008
Culex pipiens;2008
Culex pipiens;2008
Anopheles plumbeus;2008
Anopheles maculipennis;2008
Culiseta annulata;2008
Aedes cinereus;2008
Aedes communis;2008
Culex pipiens;2008
Aedes cinereus;2008
Culex pipiens;2008
Culiseta annulata;2008
Anopheles claviger;2008
Culex territans;2008
Culex territans;2008
Culex pipiens;2008
Anopheles claviger;2008
Culex torrentium;2008
Culex torrentium;2008
Anopheles claviger;2008
Culex pipiens;2008
Culex pipiens;2008
Anopheles claviger;2008
Culex pipiens;2008
Culex pipiens;2008
Culiseta annulata;2008
Culex pipiens;2008
Aedes cinereus;2008
Culex pipiens;2008
Culex pipiens;2008
Aedes punctor;2008
Culex torrentium;2008
Culiseta annulata;2008
Culex pipiens;2008
Aedes communis;2008
Culex pipiens;2008
Coquillettidia richiardii;2008
Aedes cantans;2008
Anopheles maculipennis;2008
Aedes cinereus;2008
Culex torrentium;2008
Anopheles claviger;2008
Culex pipiens;2008
Culex pipiens;2008
Culex pipiens;2008
Culex pipiens;2008
Anopheles plumbeus;2008
Culex pipiens;2008
Aedes vexans;2008
Anopheles plumbeus;2008
Culex pipiens;2008
Anopheles plumbeus;2008
Culex pipiens;2008
Culex pipiens;2008
Culex pipiens;2008
Anopheles claviger;2008
Culex torrentium;2008
Aedes cinereus;2008
Culex pipiens;2008
Culex pipiens;2008
Culex pipiens;2008
Culex pipiens;2008
Culex pipiens;2008
Culex pipiens;2008
Anopheles claviger;2008
Culex pipiens;2008
Culex pipiens;2008
Culex pipiens;2008
Culiseta annulata;2008
Culex pipiens;2008
Culex pipiens;2008
Culex pipiens;2008
Culex pipiens;2008
Anopheles plumbeus;2008
Culex pipiens;2008
Culex pipiens;2008
Culex pipiens;2008
Coquillettidia richiardii;2008
Culex pipiens;2008
Culex pipiens;2008
Culex torrentium;2008
Anopheles maculipennis;2008
Culex pipiens;2008
Anopheles claviger;2008
Culex pipiens;2008
Anopheles maculipennis;2008
Aedes geniculatus;2008
Anopheles claviger;2008
Anopheles claviger;2008
Coquillettidia richiardii;2008
Aedes geniculatus;2008
Culex pipiens;2008
Culex pipiens;2008
Culex pipiens;2008
Culex pipiens;2008
Culiseta annulata;2008
Culex pipiens;2008
Culex pipiens;2008
Culiseta annulata;2008
Culex pipiens;2008
Anopheles claviger;2008
Culex pipiens;2008
Culex pipiens;2008
Culex pipiens;2008
Aedes geniculatus;2008
Culex pipiens;2008
Culex pipiens;2008
Culex pipiens;2008
Culex pipiens;2008
Anopheles plumbeus;2008
Culex pipiens;2008
Culex pipiens;2008
Culex pipiens;2008
Aedes cinereus;2008
Culex pipiens;2008
Anopheles plumbeus;2008
Aedes cinereus;2008
Aedes cinereus;2008
Culex pipiens;2008
Culex pipiens;2008
Culex pipiens;2008
Culex pipiens;2008
Aedes cinereus;2008
Aedes vexans;2008
Culex pipiens;2008
Anopheles maculipennis;2008
Aedes punctor;2008
Culex pipiens;2008
Culiseta morsitans;2008
Culex pipiens;2008
Anopheles claviger;2008
Culex pipiens;2008
Culex pipiens;2008
Culex pipiens;2008
Culex pipiens;2008
Aedes cinereus;2008
Culiseta annulata;2008
Anopheles claviger;2008
Culex pipiens;2008
Anopheles maculipennis;2008
Culiseta annulata;2008
Culex pipiens;2008
Aedes caspius;2008
Culex pipiens;2008
Culex pipiens;2008
Anopheles maculipennis;2008
Culiseta annulata;2008
Anopheles plumbeus;2008
Culex pipiens;2008
Culex pipiens;2008
Culex pipiens;2008
;2008
Culex pipiens;2008
Culex pipiens;2008
Culex pipiens;2008
Aedes geniculatus;2008
Aedes vexans;2008
Culex pipiens;2008
Culex pipiens;2008
Culex pipiens;2008
Culex pipiens;2008
Aedes cinereus;2008
Aedes cinereus;2008
Culiseta annulata;2008
Culex pipiens;2008
Culex torrentium;2008
Culiseta annulata;2008
Culex pipiens;2008
Culex pipiens;2008
Culex pipiens;2008
Anopheles claviger;2008
Aedes cantans;2008
Culex pipiens;2008
Culex pipiens;2008
Culiseta morsitans;2008
Culex pipiens;2008
Culex pipiens;2008
Culex pipiens;2008
Aedes rusticus;2008
Culex torrentium;2008
Culiseta annulata;2008
Culex pipiens;2008
Culex pipiens;2008
Aedes geniculatus;2008
Culex pipiens;2008
Culex pipiens;2008
Aedes rusticus;2008
Culex pipiens;2008
Culex pipiens;2008
Anopheles plumbeus;2008
Culex pipiens;2008
Culex pipiens;2008
Culex pipiens;2008
Culex pipiens;2008
Culex pipiens;2008
Culex pipiens;2008
Aedes cinereus;2008
;2008
Culex pipiens;2007
Culex pipiens;2008
Culex pipiens;2008
Culex pipiens;2008
Aedes punctor;2008
Culex pipiens;2008
Culex pipiens;2008
Culiseta annulata;2008
Culex pipiens;2008
Culiseta annulata;2008
Anopheles claviger;2008
Culex pipiens;2008
;2008
Culex pipiens;2008
Aedes geniculatus;2008
Anopheles claviger;2008
Culex pipiens;2008
Culex pipiens;2008
Culex pipiens;2008
Culex torrentium;2008
Aedes vexans;2008
Aedes punctor;2008
Anopheles plumbeus;2008
Anopheles claviger;2008
Culex pipiens;2008
Culex pipiens;2008
Anopheles maculipennis;2008
Aedes vexans;2008
Culiseta annulata;2008
Aedes geniculatus;2008
Culex pipiens;2008
Culex pipiens;2008
Culex pipiens;2008
Aedes punctor;2008
Culex pipiens;2008
Culex pipiens;2008
Culex pipiens;2008
Culex pipiens;2008
Culex pipiens;2007
Culex pipiens;2008
Culex pipiens;2008
Culex pipiens;2008
Anopheles plumbeus;2008
Culiseta annulata;2008
Anopheles claviger;2008
Culex pipiens;2008
Culiseta annulata;2008
Culiseta annulata;2008
;2008
Culex pipiens;2008
Culex pipiens;2008
Culex pipiens;2008
Culex pipiens;2008
Culex pipiens;2008
Anopheles claviger;2008
Anopheles plumbeus;2008
Culex pipiens;2008
Culex pipiens;2008
Culex pipiens;2008
Culex pipiens;2008
Anopheles claviger;2008
Culex pipiens;2008
Culex pipiens;2008
Aedes communis;2008
Culex pipiens;2008
Culiseta annulata;2007
Culex pipiens;2008
Culex pipiens;2008
Anopheles claviger;2008
Culex pipiens;2008
Culex pipiens;2008
Coquillettidia richiardii;2008
Culex pipiens;2008
Anopheles plumbeus;2008
Aedes geniculatus;2008
Culex pipiens;2008
Aedes cantans;2008
Culex pipiens;2008
Culex torrentium;2008
Anopheles claviger;2008
Aedes geniculatus;2008
Culex pipiens;2008
Culex pipiens;2008
Culex torrentium;2008
Anopheles claviger;2008
Culex pipiens;2008
Culex pipiens;2008
Culex pipiens;2008
Aedes cantans;2008
Culex torrentium;2008
Anopheles claviger;2008
Anopheles maculipennis;2008
Culex pipiens;2008
Culex pipiens;2008
Anopheles claviger;2008
Culex pipiens;2008
Culex pipiens;2008
Aedes cinereus;2008
Culex pipiens;2008
Anopheles claviger;2008
Culex pipiens;2008
Culex pipiens;2008
Culex pipiens;2008
Anopheles claviger;2008
Culex pipiens;2008
Anopheles claviger;2008
Culex pipiens;2008
Aedes cantans;2008
Anopheles plumbeus;2008
Culex pipiens;2008
Culex pipiens;2008
Culex pipiens;2008
Aedes geniculatus;2008
Anopheles claviger;2008
Culex pipiens;2008
Aedes rusticus;2008
Anopheles claviger;2008
Culex pipiens;2008
Culex torrentium;2008
Anopheles plumbeus;2008
Aedes geniculatus;2008
Culex pipiens;2008
Culiseta annulata;2008
Anopheles claviger;2008
Aedes punctor;2008
Aedes punctor;2008
Anopheles claviger;2008
Aedes vexans;2008
Culex pipiens;2008
Aedes punctor;2008
Culiseta annulata;2008
Aedes cantans;2008
Culex pipiens;2008
Aedes cantans;2008
Culex pipiens;2008
Culex pipiens;2008
Anopheles claviger;2008
Anopheles plumbeus;2008
Aedes cinereus;2008
Culiseta annulata;2008
Anopheles claviger;2008
Culex pipiens;2008
Aedes vexans;2008
Culex pipiens;2008
Anopheles plumbeus;2008
Anopheles plumbeus;2008
Culex pipiens;2008
Anopheles claviger;2008
Culex pipiens;2008
Culex pipiens;2008
Anopheles plumbeus;2008
Culiseta annulata;2008
Anopheles claviger;2008
Aedes rusticus;2008
Aedes communis;2008
Aedes rusticus;2008
Aedes geniculatus;2008
Anopheles plumbeus;2008
Aedes rusticus;2008
Culiseta annulata;2008
Anopheles claviger;
Aedes rusticus;2008
Culex pipiens;2008
Anopheles claviger;2008
Culex pipiens;2008
Culex pipiens;2008
Anopheles maculipennis;2008
Aedes punctor;2008
Aedes cantans;2008
Anopheles plumbeus;2007
Culex pipiens;2008
Aedes punctor;2008
Culiseta annulata;2008
Culex pipiens;2008
Culex pipiens;2008
Anopheles claviger;2008
Culex pipiens;2008
Culex pipiens;2008
Culex pipiens;2008
Anopheles claviger;2008
Aedes punctor;2008
Aedes cantans;2008
Anopheles maculipennis;2007
Aedes rusticus;2008
Culex pipiens;2008
Anopheles maculipennis;2007
Culex pipiens;2008
Anopheles claviger;2008
Anopheles plumbeus;2007
Aedes rusticus;2008
Anopheles claviger;2008
Aedes cinereus;2007
Aedes punctor;2008
Aedes punctor;2008
Culiseta annulata;2008
Culex pipiens;
Culex pipiens;2008
Aedes geniculatus;2008
Aedes cantans;2008
Aedes punctor;2008
Culex pipiens;2008
Culiseta annulata;2008
Culex pipiens;2007
Culex pipiens;2008
Anopheles plumbeus;2008
Culex pipiens;2008
Culex pipiens;2008
Aedes geniculatus;2007
Culiseta annulata;2007
Anopheles claviger;2007
Culiseta annulata;2007
Culex pipiens;2007
Aedes communis;2007
Culex pipiens;2007
Culex pipiens;2008
Culex pipiens;2007
Culex pipiens;2008
Culex pipiens;2007
Anopheles maculipennis;2007
Culex pipiens;2008
Anopheles claviger;2008
Culex pipiens;2008
Aedes geniculatus;2008
Anopheles claviger;2007
Culex pipiens;
Culex pipiens;2007
Culiseta annulata;2007
Culex pipiens;2007
Aedes communis;2008
Anopheles plumbeus;2008
Aedes rusticus;2007
Aedes cantans;2007
Culex pipiens;2007
Culex pipiens;2007
Anopheles maculipennis;2007
Anopheles maculipennis;2007
Culiseta annulata;2007
Culex pipiens;2008
Culex pipiens;2007
Culex pipiens;2007
Aedes vexans;2007
Aedes cinereus;2007
Aedes punctor;2007
Culex pipiens;2007
Aedes rusticus;
Culiseta annulata;2007
Aedes vexans;2007
Culex pipiens;2007
Culex pipiens;2007
Anopheles claviger;2007
Anopheles maculipennis;2007
Aedes cantans;2007
Culex pipiens;2007
Anopheles claviger;2007
Culex pipiens;2007
Culex pipiens;2007
Culex pipiens;2007
Coquillettidia richiardii;2007
Aedes cinereus;2007
Aedes cinereus;2007
Culiseta annulata;2007
Anopheles claviger;2007
Culex territans;2007
Culex pipiens;2007
Culiseta annulata;2007
Culex pipiens;2007
Culex pipiens;2007
Aedes cinereus;2007
Culex pipiens;2007
Anopheles claviger;2008
Anopheles plumbeus;2007
Anopheles claviger;2007
Culex torrentium;2007
Culex pipiens;2007
Anopheles claviger;2007
Aedes geniculatus;2007
Culex pipiens;2007
Culex pipiens;2007
Culex pipiens;2007
Coquillettidia richiardii;2007
Anopheles claviger;2007
Culex pipiens;2007
Aedes cinereus;2007
Anopheles plumbeus;2007
Culiseta annulata;2007
Culex pipiens;2007
Anopheles plumbeus;2007
Culex pipiens;2007
Aedes punctor;2007
Culex pipiens;2007
Aedes geniculatus;2007
Culiseta annulata;2007
Anopheles claviger;2007
Anopheles maculipennis;2007
Culex torrentium;2007
Culex pipiens;2007
Culex torrentium;2007
Culiseta annulata;2007
Culex pipiens;2007
Anopheles claviger;2007
Culex pipiens;2007
Culiseta annulata;2007
Culex pipiens;2007
Culex pipiens;2007
Aedes cinereus;2007
Culex pipiens;2007
Anopheles claviger;2007
Culex pipiens;2007
Anopheles claviger;2007
Anopheles plumbeus;2007
Culex pipiens;2007
Culiseta annulata;2007
Culex pipiens;2007
Culiseta annulata;2007
Culiseta annulata;2007
Anopheles plumbeus;2007
Culex pipiens;2007
Aedes cinereus;2007
Anopheles plumbeus;2007
Anopheles plumbeus;2007
Culex pipiens;2007
Anopheles claviger;2007
Culiseta annulata;2007
Culex pipiens;2007
Anopheles plumbeus;2007
Culiseta annulata;2007
Culex pipiens;2007
Culex pipiens;2007
Culex pipiens;2007
Aedes caspius;2007
Culex torrentium;2007
Culex pipiens;2007
Anopheles plumbeus;2007
Culex torrentium;2007
Culex torrentium;2007
Aedes geniculatus;2007
Culex pipiens;2007
Culex pipiens;2007
Culiseta annulata;2007
Culex pipiens;2007
Culiseta annulata;2007
Culex pipiens;2007
Culex pipiens;2007
Culex pipiens;2007
Culex pipiens;2007
Anopheles claviger;2007
Aedes cantans;2007
Culex pipiens;2007
Culex pipiens;2007
Anopheles claviger;2007
Culiseta annulata;2007
Anopheles claviger;2007
Culex pipiens;2007
Culex pipiens;2007
Culex pipiens;2007
Culiseta annulata;2007
Culex pipiens;2007
Culex pipiens;2007
Culex pipiens;2007
Culex pipiens;2007
Anopheles claviger;2007
Culex pipiens;2007
Culex torrentium;2007
Culex pipiens;2007
Culex pipiens;2007
Culex pipiens;2007
Aedes annulipes;2007
Culex pipiens;2007
Culex pipiens;2007
Culiseta annulata;2007
Culex torrentium;2007
;2007
Culex pipiens;2007
Culex pipiens;2007
Culex pipiens;2007
Aedes vexans;2007
Culex torrentium;2007
Culex pipiens;2007
Culiseta annulata;2007
Culex pipiens;2007
Anopheles plumbeus;2007
Culiseta annulata;2007
Culex pipiens;2007
Aedes cinereus;2007
Anopheles claviger;2007
Coquillettidia richiardii;2007
Culex torrentium;2007
Anopheles claviger;2007
Culiseta annulata;2007
;2007
Aedes cantans;2007
Culex pipiens;2007
Culex pipiens;2007
Culex pipiens;2007
Aedes punctor;2007
Culex pipiens;2007
Culex pipiens;2007
Anopheles plumbeus;2007
Culex pipiens;2007
Culex pipiens;2007
Culex pipiens;2007
Culex pipiens;2007
Anopheles plumbeus;2007
Culex torrentium;2007
Aedes cinereus;2007
Culiseta annulata;2007
Culex pipiens;2007
Aedes punctor;2007
Aedes vexans;2007
Culex pipiens;2007
Culex pipiens;2007
Culiseta annulata;2007
Culiseta annulata;2007
Culex pipiens;2007
Aedes vexans;2007
Aedes cantans;2007
Aedes geniculatus;2007
Aedes cinereus;2007
Aedes punctor;2007
Culex pipiens;2007
Anopheles claviger;2007
Aedes punctor;2007
Aedes cantans;2007
Culiseta annulata;2007
Culex pipiens;2007
Aedes rusticus;2007
Aedes cantans;2007
Aedes cantans;2007
Culiseta morsitans;2007
Aedes cinereus;2007
Culex pipiens;2007
Anopheles claviger;2007
Culiseta annulata;2007
Culex pipiens;2007
Aedes communis;2007
Anopheles plumbeus;2007
Culiseta annulata;2007
Culiseta annulata;2007
Anopheles claviger;2007
Coquillettidia richiardii;2007
Anopheles plumbeus;2007
Aedes japonicus;2007
Culex pipiens;2007
Culex pipiens;2007
;2007
Culex pipiens;2007
Culex torrentium;2007
Culex pipiens;2007
Culex pipiens;2007
Culiseta annulata;2007
Aedes punctor;2007
Culex pipiens;2007
Aedes punctor;2007
Culex torrentium;2007
Culex torrentium;2007
Aedes vexans;2007
Aedes japonicus;2007
Anopheles claviger;2007
Aedes communis;2007
Culiseta annulata;2007
Aedes punctor;2007
Aedes vexans;2007
Culex pipiens;2007
Culex pipiens;2007
Culex pipiens;2007
Culex pipiens;2007
Aedes cinereus;2007
Aedes geniculatus;2007
Aedes cinereus;2007
Culex torrentium;2007
Aedes annulipes;2007
Culex pipiens;2007
Aedes punctor;2007
Culex torrentium;2007
Culex pipiens;2007
Anopheles plumbeus;2007
Culex torrentium;2007
Culex pipiens;2007
Aedes cinereus;2007
Culex pipiens;2007
Aedes cantans;2007
Aedes cinereus;2007
Culiseta annulata;2007
Culex pipiens;2007
Coquillettidia richiardii;2007
Culiseta annulata;2007
Aedes punctor;2007
Aedes cinereus;2007
Aedes communis;2007
Culex pipiens;2007
Aedes punctor;2007
Aedes cinereus;2007
Culex pipiens;2007
Culex pipiens;2007
Culiseta annulata;2007
Culex torrentium;2007
Anopheles plumbeus;2007
Culex pipiens;2007
Culiseta annulata;2007
Culex pipiens;2007
Anopheles claviger;2007
Culex pipiens;2007
Culex pipiens;2007
Culex pipiens;2007
Culiseta annulata;2007
Aedes detritus;2007
Culex pipiens;2007
Coquillettidia richiardii;2007
Aedes cinereus;2007
Culex pipiens;2007
Aedes cinereus;2007
Anopheles plumbeus;2007
Anopheles plumbeus;2007
Culex torrentium;2007
Culex pipiens;2007
Anopheles claviger;2007
Coquillettidia richiardii;2007
Culex pipiens;2007
Culex pipiens;2007
Aedes rusticus;2007
Aedes caspius;2007
Anopheles plumbeus;2007
Culex pipiens;2007
Aedes cinereus;2007
Anopheles maculipennis;2007
Culex pipiens;2007
Culex pipiens;2007
Culex pipiens;2007
Culex pipiens;2007
Anopheles plumbeus;2007
Culiseta annulata;2007
Culiseta annulata;2007
Culex pipiens;2007
Culiseta annulata;2007
Culex pipiens;2007
Culex pipiens;2007
Culiseta annulata;2007
Culex torrentium;2007
Aedes communis;2007
Anopheles maculipennis;2007
Culex torrentium;2007
Anopheles plumbeus;2007
Culex pipiens;2007
Culex pipiens;2007
Culex pipiens;2007
Culex pipiens;2007
Culex torrentium;2007
Culiseta annulata;2007
Culex pipiens;2007
Culex pipiens;2007
Aedes punctor;2007
Culex pipiens;2007
Culex pipiens;2007
Anopheles claviger;2007
Culiseta annulata;2007
Aedes punctor;2007
Aedes geniculatus;2007
Culex pipiens;2007
Culex pipiens;2007
Culiseta annulata;2007
Anopheles maculipennis;2007
Culiseta annulata;2007
Culex pipiens;2007
Culex pipiens;2007
Culex torrentium;2007
Culex pipiens;2007
Culex torrentium;2007
Culex pipiens;2007
Anopheles plumbeus;2007
Culex pipiens;2007
Culex pipiens;2007
Anopheles plumbeus;2007
Culex pipiens;2007
Culex pipiens;2007
Culex pipiens;2007
Culex pipiens;2007
Culex pipiens;2007
Culex pipiens;2007
Culex pipiens;2007
Culex pipiens;2007
Culex pipiens;2007
Culex pipiens;2007
Culex pipiens;2007
Culex pipiens;2007
Anopheles claviger;2007
Culex torrentium;2007
Culex pipiens;2007
Culex pipiens;2007
Culex pipiens;2007
Culex pipiens;2007
Anopheles plumbeus;2007
Culex pipiens;2007
Culex pipiens;2007
Culex pipiens;2007
Culex pipiens;2007
Culex pipiens;2007
Culex pipiens;2007
Culex pipiens;2007
Anopheles plumbeus;2007
Anopheles plumbeus;2007
Culex pipiens;2007
Aedes geniculatus;2007
Culex pipiens;2007
Culex pipiens;2007
Culex pipiens;2007
Culex pipiens;2007
Culex pipiens;2007
Culex pipiens;2007
Aedes geniculatus;2007
Culex pipiens;2007
Culex pipiens;2007
Anopheles plumbeus;2007
Aedes geniculatus;2007
Anopheles plumbeus;2007
Anopheles claviger;2007
Culiseta annulata;2007
Culex pipiens;2007
Culex pipiens;2007
Culex pipiens;2007
Culiseta annulata;2007
Culiseta annulata;2007
Culex pipiens;2007
Culex pipiens;2007
Culex pipiens;2007
Culex pipiens;2007
Culex pipiens;2007
Culex torrentium;2007
Culex pipiens;2007
Culex pipiens;2007
Culex pipiens;2007
Culex pipiens;2007
Culex pipiens;2007
Culex pipiens;2007
Anopheles plumbeus;2007
Anopheles plumbeus;2007
Culex pipiens;2007
Anopheles plumbeus;2007
Culex pipiens;2007
Culex pipiens;2007
Culex torrentium;2007
Anopheles plumbeus;2007
Culex pipiens;2007
Culex pipiens;2007
Culex pipiens;2007
Anopheles claviger;2007
Culex pipiens;2007
Culex pipiens;2007
Culex pipiens;2007
Culex pipiens;2007
Culex pipiens;2007
Culex pipiens;2007
Culex pipiens;2007
Culex pipiens;2007
Culex pipiens;2007
Culex torrentium;2007
Aedes geniculatus;2007
Aedes geniculatus;2007
Culex torrentium;2007
Culex torrentium;2007
Culex pipiens;2007
Aedes punctor;2007
Culex pipiens;2007
Anopheles plumbeus;2007
Culex torrentium;2007
Culex pipiens;2007
Aedes geniculatus;2007
Culex pipiens;2007
Culex pipiens;2007
Culex pipiens;2007
Culex torrentium;2007
Culiseta annulata;2007
Culex pipiens;2007
Aedes punctor;2007
Culex pipiens;2007
Culex pipiens;2007
Anopheles claviger;2007
Anopheles plumbeus;2007
Culex pipiens;2007
Culex pipiens;2007
Culex pipiens;2007
Culex pipiens;2007
Culex pipiens;2007
Anopheles claviger;2007
Aedes punctor;2007
Culex pipiens;2007
Culex pipiens;2007
Anopheles plumbeus;2007
Culex pipiens;2007
Culex pipiens;2007
Aedes punctor;2007
Culex pipiens;2007
Culex pipiens;2007
Culex pipiens;2007
Culex pipiens;2007
Culex pipiens;2007
Aedes cantans;2007
Aedes punctor;2007
Culex torrentium;2007
Culex pipiens;2007
Aedes geniculatus;2007
Aedes geniculatus;2007
Anopheles plumbeus;2007
Culex pipiens;2007
Aedes sticticus;2007
Culex pipiens;2007
Culex pipiens;2007
Anopheles claviger;2007
Aedes rusticus;2007
Aedes punctor;2007
Anopheles claviger;2007
Culex pipiens;2007
Culex pipiens;2007
Culex torrentium;2007
Anopheles plumbeus;2007
Culex pipiens;2007
Culex pipiens;2007
Aedes rusticus;2007
Aedes cantans;2007
Culex pipiens;2007
Anopheles claviger;2007
Culex torrentium;2007
Culex pipiens;2007
Culex pipiens;2007
Culex pipiens;2007
Culex pipiens;2007
Anopheles claviger;2007
Culex pipiens;2007
Culex pipiens;2007
Aedes punctor;2007
Culex pipiens;2007
Aedes cantans;2007
Culex pipiens;2007
Culex pipiens;2007
Aedes caspius;2007
Culex pipiens;2007
Aedes rusticus;2007
Culex pipiens;2007
Anopheles claviger;2007
Culex pipiens;2007
Culiseta annulata;2007
Coquillettidia richiardii;2007
Aedes cantans;2007
Culex pipiens;2007
Culex torrentium;2007
Culex pipiens;2007
Coquillettidia richiardii;2007
Aedes rusticus;2007
Culex pipiens;2007
Anopheles plumbeus;2007
Culex torrentium;2007
Culiseta annulata;2007
Anopheles claviger;2007
Culex pipiens;2007
Culex pipiens;2007
Culex pipiens;2007
Culex pipiens;2007
Anopheles plumbeus;2007
Culex pipiens;2007
Culiseta annulata;2007
Culex pipiens;2007
Culex pipiens;2007
Culiseta annulata;2007
Culex pipiens;2007
Culex pipiens;2007
Culex pipiens;2007
Culex pipiens;2007
Anopheles claviger;2007
Culex pipiens;2007
Culex torrentium;2007
Culex pipiens;2007
Culex pipiens;2007
Culex pipiens;2007
Culex pipiens;2007
Culex pipiens;2007
Anopheles claviger;2007
Culex pipiens;2007
Culex pipiens;2007
Culiseta annulata;2007
Culex pipiens;2007
Culex pipiens;2007
Anopheles claviger;2007
Culex pipiens;2007
Culex pipiens;2007
Culex pipiens;2007
Culex pipiens;2007
Culex pipiens;2007
Culex pipiens;2007
Culiseta annulata;2007
Culex pipiens;2007
Culex pipiens;2007
Culex pipiens;2007
Culex pipiens;2007
Culiseta annulata;2007
Culex pipiens;2007
Anopheles claviger;2007
Anopheles claviger;2007
Culex pipiens;2007
Culex pipiens;2007
Culex pipiens;2007
Culex pipiens;2007
Culiseta annulata;2007
Culex pipiens;2007
Culiseta annulata;2007
Culiseta annulata;2007
Culex pipiens;2007
Culex pipiens;2007
Culex pipiens;2007
Culex pipiens;2007
Culex pipiens;2007
Anopheles claviger;2007
Culex pipiens;2007
Culiseta annulata;2007
Culiseta annulata;2007
Culex pipiens;2007
Culiseta annulata;2007
Culex pipiens;2007
Culiseta annulata;2007
Culex pipiens;2007
Culex pipiens;2007
Culex torrentium;2007
Culex pipiens;2007
Culex pipiens;2007
Culex pipiens;2007
Culex pipiens;2007
Culex pipiens;2007
Culex pipiens;2007
Culex torrentium;2007
Culex pipiens;2007
Culex pipiens;2007
Anopheles claviger;2007
Anopheles claviger;2007
Aedes punctor;2007
Culiseta annulata;2007
Culex pipiens;2007
Culex pipiens;2007
Anopheles claviger;2007
Culex pipiens;2007
Culex pipiens;2007
Culex pipiens;2007
Anopheles claviger;2007
Culex pipiens;2007
Anopheles plumbeus;2007
Anopheles claviger;2007
Culex pipiens;2007
Culiseta annulata;2007
Culex pipiens;2007
Culex pipiens;2007
Culex pipiens;2007
Culex pipiens;2007
Anopheles claviger;2007
Anopheles claviger;2007
Culex pipiens;2007
Culex pipiens;2007
Culex pipiens;2007
Culex pipiens;2007
Culex pipiens;2007
Culiseta annulata;2007
Anopheles claviger;2007
Anopheles plumbeus;2007
Culex pipiens;2007
Culex pipiens;2007
Culex pipiens;2007
Culex pipiens;2007
Culex pipiens;2007
Culex pipiens;2007
Culex pipiens;2007
Culex torrentium;2007
Culex pipiens;2007
Culex pipiens;2007
Culex pipiens;2007
Culex pipiens;2007
Culiseta annulata;2007
Culex pipiens;2007
Anopheles plumbeus;2007
Culiseta annulata;2007
Culex torrentium;2007
Culex pipiens;2007
Culiseta annulata;2007
Culex pipiens;2007
Culex pipiens;2007
Culex pipiens;2007
Anopheles plumbeus;2007
Culex pipiens;2007
Culex torrentium;2007
Anopheles plumbeus;2007
Culiseta annulata;2007
Anopheles plumbeus;2007
Culiseta annulata;2007
Anopheles claviger;2007
Anopheles claviger;2007
Culiseta annulata;2007
Culex pipiens;2007
Culex pipiens;2007
Culex pipiens;2007
Culex pipiens;2007
Anopheles claviger;2007
Culex pipiens;2007
Culiseta annulata;2007
Culex pipiens;2007
Culex pipiens;2007
Culiseta annulata;2007
Anopheles claviger;2007
Culex pipiens;2007
Anopheles claviger;2007
Culex pipiens;2007
Culex pipiens;2007
Culex pipiens;2007
Culex pipiens;2007
Culex pipiens;2007
Anopheles claviger;2007
Culex pipiens;2007
Culex pipiens;2007
Culex pipiens;2007
Culex pipiens;2007
Culiseta annulata;2007
Culex pipiens;2007
Culex torrentium;2007
Culex pipiens;2007
Culex torrentium;2007
Culex pipiens;2007
Culex pipiens;2007
Culex torrentium;2007
Culex pipiens;2007
Culex pipiens;2007
Culex pipiens;2007
Anopheles claviger;2007
Culex pipiens;2007
Culex pipiens;2007
Culex pipiens;2007
Culex pipiens;2007
Culex pipiens;2007
Culex pipiens;2007
Culiseta annulata;2007
Culex pipiens;2007
Culex pipiens;2007
Culex pipiens;2007
Culiseta annulata;2007
Culex pipiens;2007
Culex pipiens;2007
Culex torrentium;2007
Culiseta annulata;2007
Culex pipiens;2007
Anopheles plumbeus;2007
Coquillettidia richiardii;2007
Culex pipiens;2007
Culex pipiens;2007
Culex pipiens;2007
Culex pipiens;2007
Culex pipiens;2007
Culex torrentium;2007
Culex pipiens;2007
Culex pipiens;2007
Culex pipiens;2007
Culex pipiens;2007
Culex pipiens;2007
Aedes geniculatus;2007
Culex pipiens;2007
Culex pipiens;2007
Culex pipiens;2007
Anopheles claviger;2007
Culex pipiens;2007
Culiseta annulata;2007
Culex pipiens;2007
Culex pipiens;2007
Anopheles claviger;2007
Culex pipiens;2007
Culex pipiens;2007
Culex pipiens;2007
Anopheles plumbeus;2007
Culiseta annulata;2007
Culex pipiens;2007
Culex pipiens;2007
Culex pipiens;2007
Culex pipiens;2007
Culex pipiens;2007
Culiseta annulata;2007
Culex pipiens;2007
Anopheles plumbeus;2007
Culex pipiens;2007
Culiseta annulata;2007
Culex pipiens;2007
Culex pipiens;2007
Culex pipiens;2007
Culex pipiens;2007
Culex pipiens;2007
Culex pipiens;2007
Culex pipiens;2007
Anopheles claviger;2007
Culex torrentium;2007
Culex pipiens;2007
Culex pipiens;2007
Culex pipiens;2007
Culex pipiens;2007
Anopheles claviger;2007
Culiseta annulata;2007
Culex pipiens;2007
Coquillettidia richiardii;2007
Culex pipiens;2007
Culex pipiens;2007
Culex pipiens;2007
Anopheles claviger;2007
Culex pipiens;2007
Culex pipiens;2007
Culex pipiens;2007
Aedes cantans;2007
Anopheles claviger;2007
Culiseta annulata;2007
Culex pipiens;2007
Culex pipiens;2007
Culex pipiens;2007
Culex pipiens;2007
Culex pipiens;2007
Culex pipiens;2007
Anopheles claviger;2007
Culex pipiens;2007
Aedes cantans;2007
Culex pipiens;2007
Culex pipiens;2007
Culex pipiens;2007
Anopheles claviger;2007
Culex pipiens;2007
Aedes rusticus;2007
Aedes cinereus;2007
Culex pipiens;2007
Culex pipiens;2007
Culex pipiens;2007
Coquillettidia richiardii;2007
Culiseta annulata;2007
Culex pipiens;2007
Culiseta annulata;2007
Culex pipiens;2007
Culex pipiens;2007
Culex pipiens;2007
Culiseta annulata;2007
Aedes punctor;2007
Aedes communis;2007
Culex pipiens;2007
Culex pipiens;2007
Culex pipiens;2007
Culex pipiens;2007
Culex torrentium;2007
Culex pipiens;2007
Aedes punctor;2007
Anopheles claviger;2007
Aedes cantans;2007
Culex pipiens;2007
Culex pipiens;2007
Culex pipiens;2007
Aedes rusticus;2007
Anopheles claviger;2007
Culex pipiens;2007
Culex pipiens;2007
Culex pipiens;2007
Culex pipiens;2007
Culex pipiens;2007
Culex pipiens;2007
Coquillettidia richiardii;2007
Culex pipiens;2007
Culex pipiens;2007
Culiseta annulata;2007
Anopheles claviger;2007
Culex pipiens;2007
Culex pipiens;2007
Aedes communis;2007
Anopheles claviger;2007
Culiseta annulata;2007
Anopheles plumbeus;2007
Culex pipiens;2007
Anopheles claviger;2007
Aedes cantans;2007
Culex pipiens;2007
Culex pipiens;2007
Culex pipiens;2007
Culex pipiens;2007
Aedes punctor;2007
Aedes cantans;2007
Culex pipiens;2007
Anopheles claviger;2007
Aedes annulipes;2007
Culex torrentium;2007
Aedes cantans;2007
Culex pipiens;2007
Anopheles claviger;2007
Culex pipiens;2007
Anopheles claviger;2007
Aedes geniculatus;2007
Aedes communis;2007
Culex pipiens;2007
Anopheles claviger;2007
Culex pipiens;2007
Culex pipiens;2007
Aedes punctor;2007
Culex pipiens;2007
Culex pipiens;2007
Culex pipiens;2007
Culex pipiens;2007
Culex pipiens;2007
Culex pipiens;2007
Culex pipiens;2007
Culex pipiens;2007
Culex torrentium;2007
Culex pipiens;2007
Culex pipiens;2007
Culex pipiens;2007
Culex pipiens;2007
Culex pipiens;2007
Culex pipiens;2007
Culex pipiens;2007
Culex pipiens;2007
Culex pipiens;2007
Coquillettidia richiardii;2007
Culex pipiens;2007
Anopheles claviger;2007
Culiseta annulata;2007
Anopheles plumbeus;2007
Culex torrentium;2007
Culex pipiens;2007
Culex pipiens;2007
Culex pipiens;2007
Culex pipiens;2007
Culex pipiens;2007
Culex pipiens;2007
Aedes cantans;2007
Culex pipiens;2007
Culex pipiens;2007
Culex pipiens;2007
Culiseta annulata;2007
Culex torrentium;2007
Culex pipiens;2007
Aedes communis;2007
Culex pipiens;2007
Culex pipiens;2007
Anopheles plumbeus;2007
Aedes cantans;2007
Culex pipiens;2007
Culex pipiens;2007
Culiseta annulata;2007
Culex pipiens;2007
Culex pipiens;2007
Culex pipiens;2007
Culex pipiens;2007
Culiseta annulata;2007
Culex pipiens;2007
Aedes punctor;2007
Culex pipiens;2007
Culex pipiens;2007
Anopheles plumbeus;2007
Culex pipiens;2007
Culex pipiens;2007
Culex pipiens;2007
Culex pipiens;2007
Culex pipiens;2007
Culex torrentium;2007
Culex pipiens;2007
Anopheles claviger;2009
Anopheles claviger;2009
Culex pipiens;2009
Ochlerotatus cantans;2009
Culiseta annulata;2009
Aedes cinereus/geminus;2009
Aedes cinereus/geminus;2009
Anopheles claviger;2009
Anopheles claviger;2009
Culiseta morsitans;2009
Culiseta morsitans;2009
Ochlerotatus annulipes;2009
Ochlerotatus annulipes;2009
Ochlerotatus cantans;2009
Ochlerotatus punctor;2009
Ochlerotatus punctor;2009
Ochlerotatus rusticus;2009
Ochlerotatus rusticus;2009
Aedes cinereus/geminus;2009
Aedes cinereus/geminus;2009
Aedes cinereus/geminus;2009
Aedes cinereus/geminus;2009
Aedes koreicus;2009
Anopheles claviger;2009
Culex pipiens;2009
Culiseta morsitans;2009
Culiseta morsitans;2009
Ochlerotatus annulipes;2009
Ochlerotatus annulipes;2009
Ochlerotatus cantans;2009
Ochlerotatus cantans;2009
Ochlerotatus communis;2009
Ochlerotatus communis;2009
Ochlerotatus geniculatus;2009
Ochlerotatus punctor;2009
Ochlerotatus punctor;2009
Ochlerotatus rusticus;2009
Ochlerotatus rusticus;2009
Culex pipiens;2009
Culex pipiens;2009
Culex torrentium;2009
Culex torrentium;2009
Aedes cinereus/geminus;2009
Aedes cinereus/geminus;2009
Aedes koreicus;2009
Culex pipiens;2009
Ochlerotatus annulipes;2009
Ochlerotatus annulipes;2009
Ochlerotatus cantans;2009
Ochlerotatus cantans;2009
Ochlerotatus communis;2009
Ochlerotatus rusticus;2009
Ochlerotatus rusticus;2009
Aedes cinereus/geminus;2009
Aedes cinereus/geminus;2009
Anopheles plumbeus;2009
Culiseta annulata;2009
Culiseta morsitans;2009
Culiseta morsitans;2009
Ochlerotatus annulipes;2009
Ochlerotatus annulipes;2009
Ochlerotatus cantans;2009
Ochlerotatus cantans;2009
Ochlerotatus geniculatus;2009
Ochlerotatus geniculatus;2009
Ochlerotatus punctor;2009
Ochlerotatus rusticus;2009
Ochlerotatus rusticus;2009
Anopheles plumbeus;2009
Culex pipiens;2009
Ochlerotatus cantans;2009
Ochlerotatus geniculatus;2009
Culex pipiens;2009
Culex pipiens;2009
Culex torrentium;2009
Ochlerotatus geniculatus;2009
Aedes cinereus/geminus;2009
Aedes cinereus/geminus;2009
Aedes koreicus;2009
Coquillettidia richiardii;2009
Coquillettidia richiardii;2009
Culex pipiens;2009
Culex pipiens;2009
Ochlerotatus annulipes;2009
Ochlerotatus annulipes;2009
Ochlerotatus cantans;2009
Ochlerotatus cantans;2009
Ochlerotatus geniculatus;2009
Ochlerotatus geniculatus;2009
Ochlerotatus rusticus;2009
Ochlerotatus rusticus;2009
Ochlerotatus sp;2009
Ochlerotatus cantans;2009
Aedes cinereus/geminus;2009
Coquillettidia richiardii;2009
Coquillettidia richiardii;2009
Culex pipiens;2009
Culex pipiens;2009
Ochlerotatus annulipes;2009
Ochlerotatus annulipes;2009
Ochlerotatus cantans;2009
Ochlerotatus cantans;2009
Ochlerotatus geniculatus;2009
Ochlerotatus rusticus;2009
Anopheles plumbeus;2009
Anopheles sp.;2009
Culex torrentium;2009
Aedes koreicus;2009
Culex pipiens;2009
Culex pipiens;2009
Culex torrentium;2009
Aedes koreicus;2009
Aedes koreicus;2009
Anopheles plumbeus;2009
Culex pipiens;2009
Ochlerotatus annulipes;2009
Ochlerotatus annulipes;2009
Ochlerotatus geniculatus;2009
Aedes koreicus;2009
Ochlerotatus geniculatus;2009
Aedes koreicus;2009
Anopheles maculipennis s.l.;2009
Culex pipiens;2009
Culex pipiens;2009
Culiseta annulata;2009
Culiseta morsitans;2009
Ochlerotatus cantans;2009
Ochlerotatus geniculatus;2009
Culex pipiens;2009
Culex pipiens;2009
Aedes koreicus;2009
Culex pipiens;2009
Culex torrentium;2009
Aedes koreicus;2009
Anopheles maculipennis s.l.;2009
Culex pipiens;2009
Culex pipiens;2009
Culex torrentium;2009
Culex pipiens;2009
Culex pipiens;2009
Aedes koreicus;2009
Aedes koreicus;2009
Anopheles plumbeus;2009
Culex pipiens;2009
Culex pipiens;2009
Ochlerotatus geniculatus;2009
Aedes cinereus/geminus;2009
Aedes cinereus/geminus;2009
Aedes koreicus;2009
Culex pipiens;2009
Culex pipiens;2009
Anopheles plumbeus;2009
Culex pipiens;2009
Culex pipiens;2009
Aedes koreicus;2009
Aedes koreicus;2009
Aedes koreicus;2009
Aedes koreicus;2009
Culex pipiens;2009
Culex pipiens;2009
Aedes koreicus;2009
Aedes koreicus;2009
Culex pipiens;2009
Culex pipiens;2009
Anopheles plumbeus;2009
Culex pipiens;2009
Culex pipiens;2009
Anopheles claviger;2009
Anopheles claviger;2009
Culex pipiens;2009
Ochlerotatus communis;2009
Ochlerotatus punctor;2009
Aedes cinereus/geminus;2009
Anopheles claviger;2009
Ochlerotatus annulipes;2009
Ochlerotatus annulipes;2009
Ochlerotatus punctor;2009
Ochlerotatus rusticus;2009
Ochlerotatus rusticus;2009
Aedes cinereus/geminus;2009
Aedes cinereus/geminus;2009
Anopheles plumbeus;2009
Culex pipiens;2009
Culiseta morsitans;2009
Aedes cinereus/geminus;2009
Aedes cinereus/geminus;2009
Anopheles claviger;2009
Culex pipiens;2009
Culex pipiens;2009
Culex torrentium;2009
Culiseta sp;2009
Ochlerotatus annulipes;2009
Ochlerotatus annulipes;2009
Ochlerotatus cantans;2009
Ochlerotatus geniculatus;2009
Ochlerotatus punctor;2009
Ochlerotatus rusticus;2009
Ochlerotatus rusticus;2009
Ochlerotatus sp;2009
Anopheles plumbeus;2009
Culex pipiens;2009
Culex pipiens;2009
Culex torrentium;2009
Culiseta morsitans;2009
Aedes cinereus/geminus;2009
Culex pipiens;2009
Ochlerotatus annulipes;2009
Ochlerotatus cantans;2009
Ochlerotatus rusticus;2009
Aedes cinereus/geminus;2009
Anopheles plumbeus;2009
Ochlerotatus annulipes;2009
Aedes cinereus/geminus;2009
Aedes cinereus/geminus;2009
Culex pipiens;2009
Culex pipiens;2009
Ochlerotatus annulipes;2009
Ochlerotatus cantans;2009
Ochlerotatus punctor;2009
Ochlerotatus rusticus;2009
Coquillettidia richiardii;2009
Coquillettidia richiardii;2009
Culex pipiens;2009
Culex pipiens;2009
Culex pipiens;2009
Culex torrentium;2009
Aedes cinereus/geminus;2009
Aedes cinereus/geminus;2009
Aedes koreicus;2009
Coquillettidia richiardii;2009
Coquillettidia richiardii;2009
Culex pipiens;2009
Culex pipiens;2009
Ochlerotatus annulipes;2009
Ochlerotatus annulipes;2009
Ochlerotatus cantans;2009
Ochlerotatus geniculatus;2009
Aedes cinereus/geminus;2009
Aedes cinereus/geminus;2009
Aedes sp;2009
Anopheles plumbeus;2009
Ochlerotatus annulipes;2009
Ochlerotatus cantans;2009
Aedes cinereus/geminus;2009
Aedes koreicus;2009
Coquillettidia richiardii;2009
Culex pipiens;2009
Culex pipiens;2009
Ochlerotatus geniculatus;2009
Culex pipiens;2009
Culex pipiens;2009
Culex torrentium;2009
Culex torrentium;2009
Ochlerotatus geniculatus;2009
Aedes cinereus/geminus;2009
Culiseta annulata;2009
Ochlerotatus annulipes;2009
Aedes koreicus;2009
Culex pipiens;2009
Culex torrentium;2009
Aedes cinereus/geminus;2009
Culex pipiens;2009
Culex pipiens;2009
Ochlerotatus punctor;2009
Culex pipiens;2009
Culex torrentium;2009
Culex torrentium;2009
Culiseta morsitans;2009
Aedes koreicus;2009
Aedes koreicus;2009
Culex pipiens;2009
Culex pipiens;2009
Culex torrentium;2009
Aedes koreicus;2009
Culex pipiens;2009
Culex pipiens;2009
Culex torrentium;2009
Ochlerotatus geniculatus;2009
Culex pipiens;2009
Culex pipiens;2009
Aedes koreicus;2009
Aedes koreicus;2009
Anopheles plumbeus;2009
Culex pipiens;2009
Culex pipiens;2009
Culex torrentium;2009
Aedes cinereus/geminus;2009
Aedes cinereus/geminus;2009
Aedes koreicus;2009
Anopheles plumbeus;2009
Culex pipiens;2009
Culex pipiens;2009
Aedes koreicus;2009
Aedes koreicus;2009
Anopheles plumbeus;2009
Anopheles plumbeus;2009
Culex pipiens;2009
Culex pipiens;2009
Anopheles plumbeus;2009
Culex pipiens;2009
Culex pipiens;2009
Culiseta morsitans;2009
Culex pipiens;2009
Aedes koreicus;2009
Culex pipiens;2009
Culex pipiens;2009
Culex pipiens;2009
Culex pipiens;2009
Ochlerotatus geniculatus;2009
Culex pipiens;2009
Culex pipiens;2009
Culex pipiens;2009
Ochlerotatus geniculatus;2009
Ochlerotatus japonicus japonicus;2009
Anopheles claviger;2009
Ochlerotatus geniculatus;2009
Ochlerotatus japonicus japonicus;2009
Culex pipiens;2009
Ochlerotatus geniculatus;2009
Ochlerotatus geniculatus;2009
Ochlerotatus japonicus japonicus;2009
Ochlerotatus japonicus japonicus;2009
Anopheles claviger;2009
Ochlerotatus geniculatus;2009
Culex pipiens;2009
Culex pipiens;2009
Culex torrentium;2009
Culex torrentium;2009
Ochlerotatus japonicus japonicus;2009
Culex pipiens;2009
Ochlerotatus japonicus japonicus;2009
Culex pipiens;2009
Culex pipiens;2009
Culex pipiens;2009
Ochlerotatus japonicus japonicus;2009
Ochlerotatus japonicus japonicus;2009
Culex pipiens;2009
Ochlerotatus geniculatus;2009
Ochlerotatus geniculatus;2009
Culex pipiens;2009
Ochlerotatus japonicus japonicus;2009
Ochlerotatus japonicus japonicus;2009
Anopheles claviger;2009
Culex pipiens;2009
Culex pipiens;2009
Ochlerotatus japonicus japonicus;2009
Ochlerotatus japonicus japonicus;2009
Anopheles claviger;2009
Anopheles claviger;2009
Ochlerotatus japonicus japonicus;2009
Ochlerotatus japonicus japonicus;2009
Anopheles claviger;2009
Culex pipiens;2009
Anopheles claviger;2009
Culex pipiens;2009
Culex pipiens;2009
Anopheles claviger;2009
Culex pipiens;2009
Culex pipiens;2009
Culex pipiens;2009
Ochlerotatus japonicus japonicus;2009
Ochlerotatus japonicus japonicus;2009
Culex pipiens;2009
Culex pipiens;2009
Ochlerotatus geniculatus;2009
Anopheles claviger;2009
Anopheles claviger;2009
Culex pipiens;2009
Ochlerotatus geniculatus;2009
Ochlerotatus geniculatus;2009
Culex pipiens;2009
Ochlerotatus geniculatus;2009
Ochlerotatus geniculatus;2009
Culex pipiens;2009
Ochlerotatus geniculatus;2009
Culex pipiens;2009
Culex pipiens;2009
Culex pipiens;2009
Ochlerotatus geniculatus;2009
Ochlerotatus geniculatus;2009
Culex pipiens;2009
Culex pipiens;2009
Culex torrentium;2009
Culex torrentium;2009
Ochlerotatus geniculatus;2009
Ochlerotatus geniculatus;2009
Culex pipiens;2009
Ochlerotatus geniculatus;2009
Ochlerotatus geniculatus;2009
Culex pipiens;2009
Culex pipiens;2009
Ochlerotatus geniculatus;2009
Anopheles claviger;2009
Culex pipiens;2009
Culex pipiens;2009
Anopheles claviger;2009
Culex pipiens;2009
Ochlerotatus geniculatus;2009
Ochlerotatus geniculatus;2009
Anopheles claviger;2009
Culex pipiens;2009
Culex pipiens;2009
Culex pipiens;2009
Culex pipiens;2009
Culex torrentium;2009
Ochlerotatus geniculatus;2009
Anopheles claviger;2009
Culex pipiens;2009
Ochlerotatus geniculatus;2009
Culex pipiens;2009
Culex pipiens;2009
Culex pipiens;2009
Anopheles claviger;2009
Culex pipiens;2009
Ochlerotatus geniculatus;2009
Anopheles claviger;2009
Culex pipiens;2009
Culex pipiens;2009
Culex pipiens;2009
Anopheles claviger;2009
Culex pipiens;2009
Ochlerotatus geniculatus;2009
Anopheles claviger;2009
Culex pipiens;2009
Culex pipiens;2009
Culex pipiens;2009
Ochlerotatus geniculatus;2009
Anopheles claviger;2009
Culex pipiens;2009
Ochlerotatus geniculatus;2009
Anopheles claviger;2009
Culex pipiens;2009
Culex pipiens;2009
Culex pipiens;2009
Culex pipiens;2009
Anopheles plumbeus;2009
Ochlerotatus communis;2009
Ochlerotatus punctor;2009
Ochlerotatus rusticus;2009
Ochlerotatus sticticus;2009
Aedes cinereus/geminus;2009
Anopheles plumbeus;2009
Culex pipiens;2009
Ochlerotatus cantans;2009
Ochlerotatus communis;2009
Ochlerotatus geniculatus;2009
Ochlerotatus punctor;2009
Ochlerotatus rusticus;2009
Ochlerotatus sticticus;2009
Anopheles plumbeus;2009
Culex pipiens;2009
Anopheles plumbeus;2009
Culex pipiens;2009
Ochlerotatus cantans;2009
Ochlerotatus communis;2009
Ochlerotatus punctor;2009
Ochlerotatus rusticus;2009
Anopheles plumbeus;2009
Anopheles plumbeus;2009
Culex pipiens;2009
Culex pipiens;2009
Ochlerotatus cantans;2009
Ochlerotatus communis;2009
Ochlerotatus rusticus;2009
Anopheles plumbeus;2009
Culex pipiens;2009
Ochlerotatus cantans;2009
Anopheles plumbeus;2009
Cocquilletidia richiardii;2009
Culex pipiens;2009
Ochlerotatus cantans;2009
Anopheles plumbeus;2009
Culex pipiens;2009
Ochlerotatus rusticus;2009
Anopheles plumbeus;2009
Culex pipiens;2009
Culiseta annulata;2009
Anopheles plumbeus;2009
Culex pipiens;2009
Ochlerotatus cantans;2009
Anopheles plumbeus;2009
Anopheles plumbeus;2009
Culex pipiens;2009
Anopheles plumbeus;2009
Cocquilletidia richiardii;2009
Culex pipiens;2009
Ochlerotatus rusticus;2009
Anopheles plumbeus;2009
Culex pipiens;2009
Culiseta annulata;2009
Anopheles plumbeus;2009
Anopheles plumbeus;2009
Culex pipiens;2009
Anopheles plumbeus;2009
Anopheles plumbeus;2009
Culex pipiens;2009
Culex pipiens;2009
Culex pipiens;2009
Culex pipiens;2009
Anopheles claviger;2009
Anopheles plumbeus;2009
Ochlerotatus cantans;2009
Ochlerotatus communis;2009
Ochlerotatus punctor;2009
Ochlerotatus rusticus;2009
Aedes cinereus/geminus;2009
Anopheles plumbeus;2009
Ochlerotatus cantans;2009
Ochlerotatus communis;2009
Ochlerotatus punctor;2009
Ochlerotatus rusticus;2009
Ochlerotatus sticticus;2009
Anopheles plumbeus;2009
Culex pipiens;2009
Ochlerotatus cantans;2009
Ochlerotatus communis;2009
Culex pipiens;2009
Aedes cinereus/geminus;2009
Anopheles plumbeus;2009
Ochlerotatus cantans;2009
Ochlerotatus communis;2009
Ochlerotatus punctor;2009
Ochlerotatus rusticus;2009
Anopheles plumbeus;2009
Anopheles plumbeus;2009
Culex pipiens;2009
Ochlerotatus cantans;2009
Ochlerotatus communis;2009
Anopheles plumbeus;2009
Culex pipiens;2009
Culex pipiens;2009
Culex pipiens;2009
Ochlerotatus cantans;2009
Anopheles plumbeus;2009
Culex pipiens;2009
Anopheles plumbeus;2009
Ochlerotatus cantans;2009
Ochlerotatus rusticus;2009
Culex pipiens;2009
Anopheles plumbeus;2009
Culex pipiens;2009
Anopheles plumbeus;2009
Culex pipiens;2009
Anopheles plumbeus;2009
Culex pipiens;2009
Anopheles plumbeus;2009
Culex pipiens;2009
Anopheles plumbeus;2009
Culex pipiens;2009
Culex pipiens;2009
Anopheles plumbeus;2009
Anopheles plumbeus;2009
Anopheles plumbeus;2009
Anopheles plumbeus;2009
Culex pipiens;2009
Culiseta annulata;2009
Anopheles plumbeus;2009
Anopheles plumbeus;2009
Culex pipiens;2009
Culiseta annulata;2009
Anopheles plumbeus;2009
Anopheles plumbeus;2009
Culex pipiens;2009
Anopheles plumbeus;2009
Culex pipiens;2009
Anopheles plumbeus;2009
Culex pipiens;2009
Anopheles plumbeus;2009
Anopheles plumbeus;2009
Culex pipiens;2009
Anopheles plumbeus;2009
Culex pipiens;2009
Culex torrentium;2009
Culiseta annulata;2009
Anopheles plumbeus;2009
Culex pipiens;2009
Culex torrentium;2009
Culiseta annulata;2009
Anopheles plumbeus;2009
Culex pipiens;2009
Anopheles plumbeus;2009
Culex pipiens;2009
Culex torrentium;2009
Anopheles plumbeus;2009
Culex pipiens;2009
Anopheles plumbeus;2009
Culex pipiens;2009
Anopheles plumbeus;2009
Culex pipiens;2009
Anopheles plumbeus;2009
Culex pipiens;2009
Anopheles plumbeus;2009
Anopheles plumbeus;2009
Culex pipiens;2009
Anopheles plumbeus;2009
Culex pipiens;2009
Culiseta annulata;2009
Anopheles plumbeus;2009
Culex pipiens;2009
Anopheles plumbeus;2009
Culex pipiens;2009
Anopheles plumbeus;2009
Anopheles plumbeus;2009
Culex pipiens;2009
Culex pipiens;2009
Culex pipiens;2009
Culex pipiens;2009
Anopheles plumbeus;2009
Anopheles plumbeus;2009
Anopheles plumbeus;2009
Anopheles plumbeus;2009
Anopheles plumbeus;2009
Culex pipiens;2009
Anopheles plumbeus;2009
Culiseta annulata;2009
Anopheles plumbeus;2009
Anopheles plumbeus;2009
Culex pipiens;2009
Anopheles plumbeus;2009
Culex pipiens;2009
Anopheles plumbeus;2009
Anopheles plumbeus;2009
Culex pipiens;2009
Anopheles plumbeus;2009
Anopheles plumbeus;2009
Anopheles plumbeus;2009
Culex pipiens;2009
Anopheles plumbeus;2009
Anopheles plumbeus;2009
Culex pipiens;2009
Culiseta annulata;2009
Anopheles plumbeus;2009
Culex pipiens;2009
Anopheles plumbeus;2009
Culex pipiens;2009
Anopheles plumbeus;2009
Culex pipiens;2009
Anopheles plumbeus;2009
Anopheles plumbeus;2009
Culex pipiens;2009
Anopheles plumbeus;2009
Culex pipiens;2009
Anopheles plumbeus;2009
Culex pipiens;2009
Culiseta annulata;2009
Anopheles plumbeus;2009
Culex pipiens;2009
Anopheles plumbeus;2009
Culex pipiens;2009
Culex pipiens;2009
Culex pipiens;2009
Aedes cinereus;1909
Aedes cinereus;1917
Aedes cinereus;1922
Aedes cinereus;1920
Aedes cinereus;1920
Anopheles atroparvus;1941
Anopheles atroparvus;1941
Anopheles atroparvus;1940
Anopheles atroparvus;1940
Anopheles atroparvus;1940
Anopheles claviger;1910
Anopheles claviger;1910
Anopheles claviger;1910
Anopheles claviger;1909
Anopheles claviger;1896
Anopheles claviger;1919
Anopheles claviger;1919
Anopheles claviger;1909
Anopheles claviger;1922
Anopheles maculipennis;1908
Anopheles maculipennis;1923
Anopheles maculipennis;1922
Anopheles maculipennis;1894
Anopheles maculipennis;1894
Anopheles maculipennis;1894
Anopheles maculipennis;1922
Anopheles maculipennis;1894
Anopheles maculipennis;1950
Anopheles maculipennis;1922
Anopheles maculipennis;1922
Anopheles maculipennis;1954
Coquillettidia richiardii;1922
Coquillettidia richiardii;1922
Coquillettidia richiardii;1919
Coquillettidia richiardii;1917
Coquillettidia richiardii;1922
Coquillettidia richiardii;1922
Coquillettidia richiardii;1922
Coquillettidia richiardii;1918
Culex pipiens;1967
Culex pipiens;1892
Culex pipiens;1895
Culex pipiens;1895
Culex pipiens;1917
Culex pipiens;1908
Culex pipiens;1944
Culex pipiens;1896
Culex pipiens;1895
Culex pipiens;1918
Culex pipiens;1894
Culex pipiens;1892
Culex pipiens;1892
Culex pipiens;1893
Culex pipiens;1908
Culex pipiens;1917
Culex pipiens;1913
Culex pipiens;1894
Culex pipiens;1918
Culex pipiens;1895
Culex pipiens;1911
Culex pipiens;1911
Culex pipiens;1936
Culex pipiens;1936
Culex pipiens;1892
Culex pipiens;1917
Culex pipiens;1933
Culex pipiens;1933
Culex pipiens;1894
Culex pipiens;1931
Culex pipiens;1894
Culex pipiens;1892
Culex pipiens;1892
Culex pipiens;1894
Culex pipiens;1893
Culex pipiens;1893
Culex pipiens;1893
Culex pipiens;1911
Culex pipiens;1892
Culex pipiens;1895
Culex pipiens;1896
Culex pipiens;1893
Culex pipiens;1942
Culex pipiens;1896
Culex pipiens;1892
Culex pipiens;1892
Culex pipiens;1894
Culex pipiens;1896
Culex pipiens;1935
Culex pipiens;1892
Culex pipiens;1933
Culex pipiens;1933
Culex pipiens;1911
Culex pipiens;1911
Culex pipiens;1892
Culex pipiens;1894
Culex pipiens;1893
Culex pipiens;1892
Culex pipiens;1894
Culex pipiens;1911
Culex pipiens;1911
Culex pipiens;1893
Culex pipiens;1924
Culex pipiens;1933
Culex pipiens;1933
Culex pipiens;1894
Culex pipiens;1895
Culex pipiens;1892
Culex pipiens;1892
Culex pipiens;1931
Culex pipiens;1892
Culex pipiens;1894
Culex pipiens;1894
Culex pipiens;1894
Culex pipiens;1895
Culex pipiens;1894
Culex pipiens;1918
Culex pipiens;1896
Culex pipiens;1893
Culex pipiens;1892
Culex pipiens;1892
Culex pipiens;1892
Culex pipiens;1935
Culex pipiens;1892
Culex pipiens;1894
Culex pipiens;1894
Culex pipiens;1922
Culex pipiens;1918
Culex pipiens;1892
Culex pipiens;1922
Culex pipiens;1922
Culex pipiens;1936
Culex pipiens;1936
Culex pipiens;1918
Culex pipiens;1878
Culex pipiens;1878
Culex pipiens;
Culiseta annulata;1923
Culiseta annulata;1917
Culiseta annulata;1917
Culiseta annulata;1908
Culiseta annulata;1910
Culiseta annulata;1896
Culiseta annulata;1894
Culiseta annulata;1913
Culiseta annulata;1943
Culiseta annulata;1911
Culiseta annulata;1892
Culiseta annulata;1903
Culiseta annulata;1895
Culiseta annulata;1953
Culiseta annulata;1911
Culiseta annulata;1896
Culiseta annulata;1916
Culiseta annulata;1911
Culiseta annulata;1896
Culiseta annulata;1932
Culiseta annulata;1923
Culiseta annulata;1903
Culiseta annulata;1913
Culiseta annulata;1896
Culiseta annulata;1935
Culiseta annulata;1894
Culiseta annulata;1894
Culiseta annulata;1951
Culiseta annulata;1933
Culiseta annulata;1894
Culiseta annulata;1896
Culiseta annulata;1917
Culiseta annulata;1896
Culiseta annulata;1918
Culiseta annulata;1895
Culiseta annulata;1935
Culiseta annulata;1922
Culiseta annulata;1892
Culiseta annulata;1918
Culiseta annulata;1894
Culiseta annulata;1911
Culiseta annulata;1918
Culiseta annulata;1892
Culiseta annulata;1909
Culiseta annulata;1909
Culiseta morsitans;1921
Culiseta morsitans;1921
Culiseta morsitans;1921
Culiseta morsitans;1918
Culiseta morsitans;1909
Culiseta morsitans;1920
Culiseta morsitans;1909
Culiseta morsitans;1919
Culiseta morsitans;1903
Culiseta morsitans;1909
Culiseta morsitans;1918
Ochlerotatus annulipes;1910
Ochlerotatus annulipes;1910
Ochlerotatus annulipes;1910
Ochlerotatus annulipes;1910
Ochlerotatus annulipes;1910
Ochlerotatus annulipes;1918
Ochlerotatus annulipes;1918
Ochlerotatus annulipes;1918
Ochlerotatus annulipes;1910
Ochlerotatus cantans;1881
Ochlerotatus cantans;1909
Ochlerotatus cantans;1917
Ochlerotatus cantans;1909
Ochlerotatus cantans;1943
Ochlerotatus cantans;1922
Ochlerotatus cantans;1918
Ochlerotatus communis;1965
Ochlerotatus communis;1965
Ochlerotatus communis;1909
Ochlerotatus detritus;1926
Ochlerotatus geniculatus;1918
Ochlerotatus geniculatus;1918
Ochlerotatus geniculatus;1917
Ochlerotatus geniculatus;1918
Ochlerotatus geniculatus;1918
Ochlerotatus geniculatus;1896
Ochlerotatus geniculatus;1894
Ochlerotatus geniculatus;1911
Ochlerotatus punctor;1918
Ochlerotatus punctor;1910
Ochlerotatus punctor;1921
Ochlerotatus punctor;1881
Ochlerotatus punctor;1909
Ochlerotatus punctor;1918
Ochlerotatus punctor;1922
Ochlerotatus punctor;1918
Ochlerotatus rusticus;1921
Ochlerotatus rusticus;1921
Ochlerotatus rusticus;1903
Ochlerotatus rusticus;1909
Ochlerotatus rusticus;1921
Ochlerotatus rusticus;1921
Ochlerotatus rusticus;1903
Ochlerotatus rusticus;1903
Ochlerotatus rusticus;1902
Ochlerotatus sticticus;1921
Ochlerotatus sticticus;1921
Ochlerotatus sticticus;1922
Ochlerotatus sticticus;1922
Aedes cinereus;1912
Aedes cinereus;1922
Aedes vexans;1942
Anopheles claviger;1931
Anopheles claviger;1946
Anopheles claviger;1934
Anopheles claviger;1943
Anopheles claviger;1932
Anopheles claviger;1942
Anopheles maculipennis;1923
Anopheles maculipennis;1943
Anopheles maculipennis;1942
Anopheles maculipennis;1937
Anopheles maculipennis;1947
Anopheles maculipennis;1922
Coquillettidia richiardii;1926
Coquillettidia richiardii;1933
Coquillettidia richiardii;1933
Coquillettidia richiardii;1951
Culex hortensis;1947
Culex pipiens;1937
Culex pipiens;1943
Culex pipiens;1948
Culex pipiens;1948
Culex pipiens;1955
Culex pipiens;1951
Culex pipiens;1954
Culex pipiens;1937
Culiseta annulata;1943
Culiseta annulata;1935
Culiseta annulata;1951
Culiseta annulata;1937
Culiseta annulata;1945
Culiseta annulata;1951
Culiseta annulata;1926
Culiseta annulata;1945
Culiseta annulata;1951
Culiseta annulata;1948
Culiseta annulata;1955
Culiseta morsitans;1937
Culiseta morsitans;1937
Culiseta morsitans;1937
Culiseta morsitans;1937
Culiseta morsitans;1937
Culiseta morsitans;1937
Culiseta morsitans;1937
Culiseta morsitans;1937
Culiseta morsitans;1937
Culiseta morsitans;1937
Culiseta morsitans;1937
Culiseta morsitans;1937
Culiseta morsitans;1937
Culiseta morsitans;1937
Ochlerotatus annulipes;1937
Ochlerotatus annulipes;1937
Ochlerotatus annulipes;1937
Ochlerotatus annulipes;1939
Ochlerotatus annulipes;1943
Ochlerotatus annulipes;1939
Ochlerotatus annulipes;1937
Ochlerotatus annulipes;1943
Ochlerotatus annulipes;1943
Ochlerotatus annulipes;1937
Ochlerotatus annulipes;1937
Ochlerotatus annulipes;1937
Ochlerotatus cantans;1937
Ochlerotatus cantans;1943
Ochlerotatus cantans;1937
Ochlerotatus cantans;1937
Ochlerotatus cantans;1937
Ochlerotatus cantans;1937
Ochlerotatus cantans;1936
Ochlerotatus cantans;1937
Ochlerotatus cantans;1937
Ochlerotatus cantans;1946
Ochlerotatus cantans;1946
Ochlerotatus cantans;1937
Ochlerotatus cantans;1947
Ochlerotatus cantans;1937
Ochlerotatus cantans;1937
Ochlerotatus cantans;1937
Ochlerotatus caspius;1951
Ochlerotatus caspius;1951
Ochlerotatus communis;1947
Ochlerotatus detritus;1926
Ochlerotatus detritus;1925
Ochlerotatus detritus;1925
Ochlerotatus geniculatus;1955
Ochlerotatus geniculatus;1955
Ochlerotatus geniculatus;1955
Ochlerotatus geniculatus;1952
Ochlerotatus geniculatus;1955
Ochlerotatus geniculatus;1952
Ochlerotatus geniculatus;1955
Ochlerotatus geniculatus;1952
Ochlerotatus geniculatus;1951
Ochlerotatus geniculatus;1947
Ochlerotatus geniculatus;1955
Ochlerotatus geniculatus;1955
Ochlerotatus geniculatus;1958
Ochlerotatus geniculatus;1958
Ochlerotatus geniculatus;1958
Ochlerotatus geniculatus;1950
Ochlerotatus geniculatus;1958
Ochlerotatus geniculatus;1955
Ochlerotatus punctor;1937
Ochlerotatus punctor;1937
Ochlerotatus punctor;1939
Ochlerotatus punctor;1918
Ochlerotatus punctor;1939
Ochlerotatus punctor;1937
Ochlerotatus punctor;1918
Ochlerotatus punctor;1939
Ochlerotatus punctor;1937
Ochlerotatus punctor;1937
Ochlerotatus punctor;1917
Ochlerotatus punctor;1942
Ochlerotatus rusticus;1920
Ochlerotatus rusticus;1920
Ochlerotatus rusticus;1937
Ochlerotatus rusticus;1939
Ochlerotatus rusticus;1937
Ochlerotatus rusticus;1937
Ochlerotatus rusticus;1939
Ochlerotatus rusticus;1939
Ochlerotatus rusticus;1939
Ochlerotatus rusticus;1937
Ochlerotatus rusticus;1937
Ochlerotatus rusticus;1937
Ochlerotatus rusticus;1937
Ochlerotatus rusticus;1937
Ochlerotatus rusticus;1945
Ochlerotatus sticticus;1942
Aedes cinereus;1920
Aedes cinereus;1909
Aedes cinereus;1909
Aedes cinereus;1909
Aedes cinereus;1913
Aedes cinereus;1910
Aedes cinereus;1920
Aedes cinereus;1942
Aedes cinereus;1920
Aedes cinereus;1922
Aedes cinereus;1920
Aedes cinereus;1922
Aedes cinereus;1922
Aedes cinereus;1920
Aedes cinereus;1920
Aedes vexans;1910
Aedes vexans;1941
Aedes vexans;1941
Aedes vexans;1944
Aedes vexans;1942
Aedes vexans;1910
Anopheles atroparvus;1943
Anopheles atroparvus;1943
Anopheles atroparvus;1943
Anopheles claviger;1910
Anopheles claviger;1920
Anopheles claviger;1920
Anopheles claviger;1919
Anopheles claviger;1919
Anopheles claviger;1910
Anopheles claviger;1910
Anopheles claviger;1913
Anopheles claviger;1913
Anopheles claviger;1909
Anopheles claviger;1921
Anopheles claviger;1916
Anopheles claviger;1921
Anopheles claviger;1917
Anopheles claviger;1921
Anopheles claviger;1920
Anopheles claviger;1909
Anopheles claviger;1913
Anopheles claviger;1920
Anopheles maculipennis;1910
Anopheles maculipennis;1920
Anopheles maculipennis;1917
Anopheles maculipennis;1917
Anopheles maculipennis;1909
Anopheles maculipennis;1922
Anopheles maculipennis;1915
Anopheles maculipennis;1924
Anopheles maculipennis;1916
Anopheles maculipennis;1913
Anopheles maculipennis;1913
Anopheles maculipennis;1920
Anopheles maculipennis;1911
Anopheles maculipennis;1909
Anopheles maculipennis;1934
Anopheles maculipennis;1916
Anopheles maculipennis;1942
Anopheles maculipennis;1912
Anopheles maculipennis;1942
Anopheles maculipennis;1942
Anopheles maculipennis;1920
Anopheles maculipennis;1922
Anopheles maculipennis;1910
Anopheles maculipennis;1910
Anopheles plumbeus;1938
Anopheles plumbeus;1946
Anopheles plumbeus;1946
Anopheles plumbeus;1946
Coquillettidia richiardii;1923
Coquillettidia richiardii;1926
Coquillettidia richiardii;1909
Coquillettidia richiardii;1910
Coquillettidia richiardii;1910
Coquillettidia richiardii;1910
Coquillettidia richiardii;1910
Coquillettidia richiardii;1917
Coquillettidia richiardii;1922
Coquillettidia richiardii;1910
Culex pipiens;1943
Culex pipiens;1920
Culex pipiens;1917
Culex pipiens;1917
Culex pipiens;1917
Culex pipiens;1932
Culex pipiens;1921
Culex pipiens;1910
Culex pipiens;1910
Culex pipiens;1920
Culex pipiens;1917
Culex pipiens;1933
Culex pipiens;1933
Culex pipiens;1920
Culex pipiens;1920
Culex pipiens;1942
Culex pipiens;1945
Culex pipiens;1946
Culex pipiens;1917
Culex pipiens;1917
Culex pipiens;1910
Culex pipiens;1910
Culex pipiens;1910
Culex pipiens;1910
Culex pipiens;1917
Culex pipiens;1945
Culex pipiens;1910
Culex pipiens;1920
Culex pipiens;
Culex territans;1918
Culex territans;1918
Culiseta annulata;1944
Culiseta annulata;1923
Culiseta annulata;1923
Culiseta annulata;1931
Culiseta annulata;1917
Culiseta annulata;1931
Culiseta annulata;1919
Culiseta annulata;1919
Culiseta annulata;1917
Culiseta annulata;1921
Culiseta annulata;1921
Culiseta annulata;1921
Culiseta annulata;1920
Culiseta annulata;1921
Culiseta annulata;1910
Culiseta annulata;1910
Culiseta annulata;1921
Culiseta annulata;1916
Culiseta annulata;1910
Culiseta annulata;1909
Culiseta annulata;1909
Culiseta annulata;1917
Culiseta annulata;1917
Culiseta annulata;1909
Culiseta annulata;1910
Culiseta annulata;1910
Culiseta annulata;1917
Culiseta annulata;1921
Culiseta annulata;1917
Culiseta fumipennis;1920
Culiseta fumipennis;1920
Culiseta fumipennis;1914
Culiseta fumipennis;1920
Culiseta morsitans;1921
Culiseta morsitans;1909
Culiseta morsitans;1909
Culiseta morsitans;1909
Culiseta morsitans;1920
Culiseta morsitans;1921
Culiseta morsitans;1921
Culiseta morsitans;1921
Culiseta morsitans;1910
Culiseta morsitans;1910
Culiseta morsitans;1921
Culiseta morsitans;1921
Culiseta morsitans;1921
Culiseta morsitans;1921
Culiseta morsitans;1921
Culiseta morsitans;1921
Culiseta morsitans;1921
Culiseta morsitans;1921
Culiseta morsitans;1909
Culiseta morsitans;1909
Culiseta morsitans;1909
Culiseta morsitans;1909
Ochlerotatus annulipes;1931
Ochlerotatus annulipes;1924
Ochlerotatus annulipes;1920
Ochlerotatus annulipes;1913
Ochlerotatus annulipes;1933
Ochlerotatus annulipes;1910
Ochlerotatus annulipes;1921
Ochlerotatus annulipes;1920
Ochlerotatus annulipes;1920
Ochlerotatus annulipes;1917
Ochlerotatus annulipes;1920
Ochlerotatus annulipes;1920
Ochlerotatus annulipes;1922
Ochlerotatus cantans;1917
Ochlerotatus cantans;1909
Ochlerotatus cantans;1909
Ochlerotatus cantans;1909
Ochlerotatus cantans;1921
Ochlerotatus cantans;1921
Ochlerotatus cantans;1921
Ochlerotatus cantans;1909
Ochlerotatus cantans;1913
Ochlerotatus cantans;1921
Ochlerotatus cantans;1909
Ochlerotatus cantans;1909
Ochlerotatus cantans;1921
Ochlerotatus cantans;1910
Ochlerotatus cantans;1909
Ochlerotatus cantans;1917
Ochlerotatus cantans;1920
Ochlerotatus cantans;1921
Ochlerotatus caspius;1909
Ochlerotatus caspius;1925
Ochlerotatus communis;1914
Ochlerotatus communis;1920
Ochlerotatus communis;1912
Ochlerotatus detritus;1921
Ochlerotatus detritus;1925
Ochlerotatus detritus;1921
Ochlerotatus detritus;1921
Ochlerotatus detritus;1925
Ochlerotatus detritus;1925
Ochlerotatus detritus;1921
Ochlerotatus detritus;1921
Ochlerotatus detritus;1921
Ochlerotatus detritus;1921
Ochlerotatus geniculatus;1912
Ochlerotatus geniculatus;1922
Ochlerotatus geniculatus;1910
Ochlerotatus geniculatus;1941
Ochlerotatus geniculatus;1913
Ochlerotatus geniculatus;1941
Ochlerotatus punctor;1929
Ochlerotatus punctor;1920
Ochlerotatus punctor;1921
Ochlerotatus punctor;1921
Ochlerotatus punctor;1921
Ochlerotatus punctor;1909
Ochlerotatus punctor;1921
Ochlerotatus punctor;1920
Ochlerotatus punctor;1920
Ochlerotatus punctor;1921
Ochlerotatus punctor;1921
Ochlerotatus punctor;1921
Ochlerotatus punctor;1921
Ochlerotatus punctor;1921
Ochlerotatus punctor;1921
Ochlerotatus punctor;1910
Ochlerotatus punctor;1921
Ochlerotatus punctor;1921
Ochlerotatus punctor;1922
Ochlerotatus punctor;1909
Ochlerotatus punctor;1917
Ochlerotatus punctor;1921
Ochlerotatus punctor;1921
Ochlerotatus rusticus;1921
Ochlerotatus rusticus;1909
Ochlerotatus rusticus;1920
Ochlerotatus rusticus;1920
Ochlerotatus rusticus;1909
Ochlerotatus rusticus;1909
Ochlerotatus rusticus;1920
Ochlerotatus rusticus;1903
Ochlerotatus rusticus;1919
Ochlerotatus rusticus;1914
Ochlerotatus rusticus;1920
Ochlerotatus rusticus;1920
Ochlerotatus rusticus;1920
Ochlerotatus rusticus;1921
Ochlerotatus sticticus;1921
Ochlerotatus sticticus;1921
Ochlerotatus sticticus;1921
Ochlerotatus sticticus;1921
Ochlerotatus sticticus;1921
Ochlerotatus sticticus;1921
Ochlerotatus sticticus;1921
Ochlerotatus sticticus;1921
Ochlerotatus sticticus;1921
Ochlerotatus sticticus;1921
Aedes cinereus;1926
Aedes cinereus;1922
Aedes cinereus;1953
Aedes cinereus;1922
Aedes cinereus;1922
Aedes cinereus;1922
Aedes cinereus;1946
Aedes cinereus;1922
Aedes cinereus;1922
Aedes cinereus;1922
Aedes cinereus;2006
Aedes cinereus;2006
Aedes cinereus;1922
Aedes cinereus;1948
Aedes cinereus;1948
Aedes cinereus;1922
Aedes cinereus;1922
Aedes cinereus;1934
Aedes cinereus;1934
Aedes cinereus;1926
Aedes cinereus;1945
Aedes cinereus;1945
Aedes cinereus;1926
Aedes cinereus;1929
Aedes cinereus;2006
Aedes cinereus;1953
Aedes cinereus;1942
Aedes cinereus;1942
Aedes cinereus;1942
Aedes cinereus;2006
Aedes cinereus;1953
Aedes cinereus;2006
Aedes cinereus;2006
Aedes cinereus;2006
Aedes vexans;1959
Anopheles claviger;1953
Anopheles claviger;1953
Anopheles claviger;1941
Anopheles claviger;1953
Anopheles claviger;1953
Anopheles claviger;1953
Anopheles claviger;1953
Anopheles claviger;1937
Anopheles claviger;1953
Anopheles claviger;1953
Anopheles claviger;1961
Anopheles claviger;1922
Anopheles claviger;1953
Anopheles claviger;1953
Anopheles claviger;1953
Anopheles claviger;1943
Anopheles claviger;1973
Anopheles claviger;1953
Anopheles claviger;1953
Anopheles claviger;1953
Anopheles claviger;1953
Anopheles claviger;1953
Anopheles claviger;1953
Anopheles claviger;1953
Anopheles claviger;1953
Anopheles maculipennis;1922
Anopheles maculipennis;1917
Anopheles maculipennis;1952
Anopheles maculipennis;1922
Anopheles maculipennis;1922
Anopheles maculipennis;1921
Anopheles maculipennis;1949
Anopheles maculipennis;1942
Anopheles maculipennis;1956
Anopheles maculipennis;1922
Anopheles maculipennis;1922
Anopheles maculipennis;1933
Anopheles maculipennis;1953
Anopheles maculipennis;1923
Anopheles maculipennis;1934
Anopheles maculipennis;1934
Anopheles maculipennis;1947
Anopheles plumbeus;1962
Anopheles plumbeus;1970
Anopheles plumbeus;1950
Anopheles plumbeus;1961
Anopheles plumbeus;1942
Anopheles plumbeus;1971
Anopheles plumbeus;1952
Anopheles plumbeus;1973
Anopheles plumbeus;1971
Anopheles plumbeus;1967
Anopheles plumbeus;1967
Anopheles plumbeus;1943
Anopheles plumbeus;1962
Anopheles plumbeus;1961
Anopheles plumbeus;1962
Anopheles plumbeus;1970
Anopheles plumbeus;1970
Coquillettidia richiardii;1942
Coquillettidia richiardii;1926
Coquillettidia richiardii;1922
Coquillettidia richiardii;1950
Coquillettidia richiardii;1941
Coquillettidia richiardii;1922
Coquillettidia richiardii;1941
Coquillettidia richiardii;1922
Coquillettidia richiardii;1941
Coquillettidia richiardii;1942
Coquillettidia richiardii;1922
Coquillettidia richiardii;1941
Coquillettidia richiardii;1926
Coquillettidia richiardii;1945
Coquillettidia richiardii;1934
Culex pipiens;1951
Culex pipiens;1920
Culex pipiens;1942
Culex pipiens;1926
Culex pipiens;1950
Culex pipiens;1953
Culex pipiens;1922
Culex pipiens;1922
Culex pipiens;1922
Culex pipiens;1922
Culex pipiens;1922
Culex pipiens;1941
Culex pipiens;1941
Culex pipiens;1937
Culex pipiens;1933
Culex pipiens;1933
Culex pipiens;1922
Culex pipiens;1922
Culex pipiens;1965
Culex pipiens;1953
Culex pipiens;1953
Culex pipiens;1913
Culex pipiens;1943
Culex pipiens;1943
Culex pipiens;1928
Culex pipiens;1942
Culex pipiens;1942
Culex pipiens;1942
Culex pipiens;1960
Culex pipiens;1967
Culex pipiens;1958
Culex pipiens;1935
Culex pipiens;1935
Culex pipiens;1935
Culex pipiens;1919
Culex pipiens;1922
Culex pipiens;1922
Culex pipiens;1922
Culex pipiens;1922
Culex pipiens;1922
Culex pipiens;1934
Culex pipiens;1941
Culex pipiens;1941
Culex pipiens;1942
Culex pipiens;1942
Culex pipiens;1942
Culex pipiens;1942
Culex pipiens;1942
Culex pipiens;1942
Culex pipiens;1942
Culex pipiens;1942
Culex pipiens;1948
Culex pipiens;1948
Culex pipiens;1941
Culex pipiens;1960
Culex pipiens;1953
Culex pipiens;1972
Culex pipiens;1940
Culex pipiens;1948
Culex pipiens;1978
Culex pipiens;1978
Culex pipiens;1945
Culex pipiens;1937
Culex pipiens;1942
Culex pipiens;1942
Culex pipiens;1941
Culex pipiens;1941
Culex pipiens;1941
Culex pipiens;1941
Culex pipiens;1946
Culex pipiens;1972
Culex pipiens;1922
Culex pipiens;1922
Culex pipiens;1922
Culex pipiens;1922
Culex pipiens;1922
Culex pipiens;1967
Culex pipiens;1967
Culex pipiens;1939
Culex pipiens;1943
Culex pipiens;1921
Culex pipiens;1942
Culex pipiens;1942
Culex pipiens;1926
Culex pipiens;1942
Culex pipiens;1942
Culex pipiens;1949
Culex pipiens;1949
Culex pipiens;1950
Culex pipiens;1970
Culex pipiens;1952
Culex pipiens;1926
Culex pipiens;1973
Culex pipiens;1959
Culex pipiens;2006
Culex pipiens;1935
Culex pipiens;1968
Culex pipiens;1959
Culex pipiens;1946
Culex pipiens;1933
Culex pipiens;1936
Culex pipiens;1942
Culex pipiens;1942
Culex pipiens;1942
Culex pipiens;1942
Culex pipiens;1941
Culex pipiens;1933
Culex pipiens;1936
Culex pipiens;1936
Culex pipiens;1936
Culex pipiens;1936
Culex pipiens;1942
Culex pipiens;1941
Culex pipiens;1949
Culex pipiens;1941
Culex pipiens;1973
Culex pipiens;1926
Culex pipiens;1967
Culex pipiens;1942
Culex pipiens;1948
Culex pipiens;1948
Culex pipiens;1948
Culex pipiens;1951
Culex pipiens;1922
Culex pipiens;1922
Culex pipiens;1922
Culex pipiens;1938
Culex pipiens;1938
Culex pipiens;1938
Culex pipiens;1938
Culex pipiens;1942
Culex pipiens;1942
Culex pipiens;1951
Culex pipiens;1942
Culex pipiens;1942
Culex pipiens;1936
Culex pipiens;1959
Culex pipiens;1942
Culex pipiens;1922
Culex pipiens;1922
Culex pipiens;1922
Culex pipiens;1922
Culex pipiens;1922
Culex pipiens;1945
Culex pipiens;1972
Culex pipiens;2007
Culex pipiens;1941
Culex pipiens;1943
Culex pipiens;1953
Culex pipiens;1942
Culex pipiens;1933
Culex pipiens;1949
Culex pipiens;1949
Culex pipiens;1943
Culex pipiens;1943
Culex pipiens;1942
Culex pipiens;1942
Culex pipiens;1942
Culex pipiens;1952
Culex pipiens;1932
Culex pipiens;1951
Culex pipiens;1921
Culex pipiens;1943
Culex pipiens;1943
Culex pipiens;1933
Culex pipiens;1950
Culex pipiens;1933
Culex pipiens;1936
Culex pipiens;1936
Culex pipiens;1936
Culex pipiens;1942
Culex pipiens;1942
Culex pipiens;1948
Culex pipiens;1948
Culex pipiens;1944
Culex pipiens;1945
Culex pipiens;1920
Culex pipiens;1934
Culex pipiens;1920
Culex pipiens;1935
Culex pipiens;1944
Culex pipiens;1944
Culex pipiens;1944
Culex pipiens;1934
Culex pipiens;1942
Culex pipiens;1948
Culex pipiens;1948
Culex pipiens;1948
Culex pipiens;1948
Culex pipiens;1953
Culex pipiens;1942
Culex pipiens;1943
Culex pipiens;1943
Culex pipiens;1956
Culex pipiens;1972
Culex pipiens;1953
Culex pipiens;1953
Culex pipiens;1942
Culex pipiens;1981
Culex pipiens;1936
Culex pipiens;1944
Culex pipiens;1944
Culex pipiens;1953
Culex pipiens;1943
Culex pipiens;1943
Culex pipiens;1959
Culex pipiens;1959
Culex pipiens;2006
Culex pipiens;2006
Culex pipiens;1944
Culex pipiens;1944
Culex pipiens;1944
Culex pipiens;1942
Culex pipiens;1942
Culex pipiens;1942
Culex pipiens;1933
Culex pipiens;1942
Culex pipiens;1935
Culex pipiens;1942
Culex pipiens;1942
Culex pipiens;1942
Culex pipiens;1942
Culex pipiens;1950
Culex pipiens;1920
Culex pipiens;1934
Culex pipiens;1934
Culex pipiens;1973
Culex pipiens;1894
Culex pipiens;1948
Culex pipiens;1942
Culex pipiens;1942
Culex pipiens;1942
Culex pipiens;1942
Culex pipiens;1934
Culex pipiens;1952
Culex pipiens;1937
Culex pipiens;1942
Culex pipiens;1942
Culex pipiens;1949
Culex pipiens;1949
Culex pipiens;1949
Culex pipiens;1973
Culex pipiens;1913
Culex pipiens;1942
Culex pipiens;1935
Culex pipiens;1935
Culex pipiens;1935
Culex pipiens;1973
Culex pipiens;1942
Culex pipiens;1942
Culex pipiens;1934
Culex pipiens;1934
Culex pipiens;1953
Culex pipiens;1950
Culex pipiens;1956
Culex pipiens;1934
Culex pipiens;1934
Culex pipiens;1934
Culex pipiens;1934
Culex pipiens;1954
Culex pipiens;1954
Culex pipiens;1942
Culex pipiens;1970
Culex pipiens;1942
Culex pipiens;1942
Culex pipiens;1942
Culex pipiens;1942
Culex pipiens;1942
Culex pipiens;1970
Culex pipiens;1970
Culex pipiens;1942
Culex pipiens;1942
Culex pipiens;1944
Culex pipiens;1944
Culex pipiens;1944
Culex pipiens;1944
Culex pipiens;1949
Culex pipiens;1949
Culex pipiens;
Culex territans;2006
Culex territans;2006
Culex territans;2006
Culex territans;2006
Culex territans;2006
Culex territans;2006
Culex territans;2006
Culex torrentium;1957
Culiseta annulata;1947
Culiseta annulata;1958
Culiseta annulata;1960
Culiseta annulata;1968
Culiseta annulata;1911
Culiseta annulata;1937
Culiseta annulata;1922
Culiseta annulata;1953
Culiseta annulata;1960
Culiseta annulata;1937
Culiseta annulata;1937
Culiseta annulata;1960
Culiseta annulata;1960
Culiseta annulata;1960
Culiseta annulata;1936
Culiseta annulata;1937
Culiseta annulata;1937
Culiseta annulata;1937
Culiseta annulata;1956
Culiseta annulata;1913
Culiseta annulata;1941
Culiseta annulata;1942
Culiseta annulata;1942
Culiseta annulata;1942
Culiseta annulata;1968
Culiseta annulata;1968
Culiseta annulata;1943
Culiseta annulata;1922
Culiseta annulata;1960
Culiseta annulata;1958
Culiseta annulata;1974
Culiseta annulata;1959
Culiseta annulata;1961
Culiseta annulata;1946
Culiseta annulata;1959
Culiseta annulata;1942
Culiseta annulata;1933
Culiseta annulata;1936
Culiseta annulata;1960
Culiseta annulata;1968
Culiseta annulata;1949
Culiseta annulata;1916
Culiseta annulata;1926
Culiseta annulata;1935
Culiseta annulata;1953
Culiseta annulata;1947
Culiseta annulata;1942
Culiseta annulata;1942
Culiseta annulata;1936
Culiseta annulata;1896
Culiseta annulata;1922
Culiseta annulata;1922
Culiseta annulata;1959
Culiseta annulata;1913
Culiseta annulata;1913
Culiseta annulata;1952
Culiseta annulata;1956
Culiseta annulata;1921
Culiseta annulata;1973
Culiseta annulata;1961
Culiseta annulata;1894
Culiseta annulata;1942
Culiseta annulata;1962
Culiseta annulata;1892
Culiseta annulata;1948
Culiseta annulata;1922
Culiseta annulata;1922
Culiseta annulata;1961
Culiseta annulata;1936
Culiseta annulata;1950
Culiseta annulata;1971
Culiseta annulata;1943
Culiseta annulata;1942
Culiseta annulata;1952
Culiseta annulata;1955
Culiseta annulata;1943
Culiseta annulata;1934
Culiseta annulata;1942
Culiseta annulata;1953
Culiseta annulata;1953
Culiseta annulata;1942
Culiseta annulata;1974
Culiseta annulata;2006
Culiseta annulata;1933
Culiseta annulata;1933
Culiseta annulata;1926
Culiseta annulata;2006
Culiseta annulata;1923
Culiseta annulata;1939
Culiseta annulata;1950
Culiseta annulata;1960
Culiseta annulata;1960
Culiseta annulata;1957
Culiseta annulata;1960
Culiseta annulata;1896
Culiseta annulata;2006
Culiseta annulata;1960
Culiseta annulata;1925
Culiseta annulata;1925
Culiseta annulata;1913
Culiseta annulata;1941
Culiseta annulata;1938
Culiseta annulata;1975
Culiseta annulata;1942
Culiseta annulata;1913
Culiseta annulata;1960
Culiseta morsitans;2006
Culiseta morsitans;2006
Culiseta morsitans;2006
Culiseta morsitans;2006
Culiseta morsitans;2006
Culiseta morsitans;1948
Culiseta morsitans;1948
Culiseta morsitans;2006
Culiseta morsitans;2006
Culiseta morsitans;1942
Culiseta morsitans;1943
Culiseta morsitans;1943
Culiseta morsitans;1936
Culiseta morsitans;1936
Culiseta morsitans;1936
Culiseta morsitans;1943
Culiseta morsitans;1943
Culiseta morsitans;2006
Culiseta morsitans;2006
Culiseta morsitans;2006
Culiseta morsitans;1942
Culiseta morsitans;1920
Culiseta morsitans;1943
Culiseta morsitans;1950
Culiseta morsitans;1950
Culiseta subochrea;1944
Culiseta subochrea;1955
Ochlerotatus annulipes;1956
Ochlerotatus annulipes;1950
Ochlerotatus cantans;2006
Ochlerotatus cantans;2006
Ochlerotatus cantans;1950
Ochlerotatus cantans;2007
Ochlerotatus cantans;2007
Ochlerotatus cantans;2007
Ochlerotatus cantans;1935
Ochlerotatus cantans;2006
Ochlerotatus cantans;2006
Ochlerotatus cantans;1922
Ochlerotatus cantans;1948
Ochlerotatus cantans;1942
Ochlerotatus cantans;1950
Ochlerotatus cantans;1922
Ochlerotatus cantans;1945
Ochlerotatus cantans;1968
Ochlerotatus cantans;2006
Ochlerotatus cantans;1950
Ochlerotatus cantans;1926
Ochlerotatus cantans;1943
Ochlerotatus cantans;2006
Ochlerotatus cantans;1942
Ochlerotatus cantans;1942
Ochlerotatus cantans;1922
Ochlerotatus cantans;2006
Ochlerotatus cantans;2006
Ochlerotatus cantans;1942
Ochlerotatus cantans;1942
Ochlerotatus cantans;1941
Ochlerotatus cantans;2006
Ochlerotatus cantans;2006
Ochlerotatus cantans;2006
Ochlerotatus cantans;1948
Ochlerotatus cantans;2006
Ochlerotatus cantans;1943
Ochlerotatus cantans;1926
Ochlerotatus cantans;2006
Ochlerotatus cantans;1942
Ochlerotatus cantans;1951
Ochlerotatus cantans;2006
Ochlerotatus cantans;2006
Ochlerotatus cantans;2006
Ochlerotatus cantans;2006
Ochlerotatus cantans;2006
Ochlerotatus cantans;1947
Ochlerotatus cantans;1926
Ochlerotatus cantans;2006
Ochlerotatus cantans;2006
Ochlerotatus caspius;1958
Ochlerotatus caspius;1922
Ochlerotatus caspius;1922
Ochlerotatus communis;1920
Ochlerotatus communis;1938
Ochlerotatus communis;1947
Ochlerotatus communis;1943
Ochlerotatus communis;1950
Ochlerotatus communis;1954
Ochlerotatus communis;1918
Ochlerotatus communis;1938
Ochlerotatus communis;1942
Ochlerotatus geniculatus;1942
Ochlerotatus geniculatus;1950
Ochlerotatus geniculatus;1971
Ochlerotatus geniculatus;1918
Ochlerotatus geniculatus;1941
Ochlerotatus geniculatus;1948
Ochlerotatus geniculatus;1943
Ochlerotatus geniculatus;1959
Ochlerotatus geniculatus;1941
Ochlerotatus geniculatus;1943
Ochlerotatus geniculatus;1941
Ochlerotatus geniculatus;1941
Ochlerotatus geniculatus;1942
Ochlerotatus geniculatus;1919
Ochlerotatus geniculatus;1943
Ochlerotatus geniculatus;1943
Ochlerotatus geniculatus;1941
Ochlerotatus geniculatus;1941
Ochlerotatus geniculatus;1941
Ochlerotatus geniculatus;1941
Ochlerotatus geniculatus;1968
Ochlerotatus geniculatus;1973
Ochlerotatus geniculatus;1942
Ochlerotatus geniculatus;1942
Ochlerotatus geniculatus;1941
Ochlerotatus geniculatus;1942
Ochlerotatus geniculatus;2007
Ochlerotatus geniculatus;1936
Ochlerotatus geniculatus;1942
Ochlerotatus geniculatus;1941
Ochlerotatus geniculatus;1941
Ochlerotatus geniculatus;1961
Ochlerotatus geniculatus;1941
Ochlerotatus geniculatus;1941
Ochlerotatus geniculatus;1942
Ochlerotatus geniculatus;1935
Ochlerotatus geniculatus;1922
Ochlerotatus geniculatus;1961
Ochlerotatus geniculatus;1942
Ochlerotatus geniculatus;1970
Ochlerotatus geniculatus;1936
Ochlerotatus geniculatus;1948
Ochlerotatus geniculatus;1933
Ochlerotatus geniculatus;1942
Ochlerotatus geniculatus;1943
Ochlerotatus geniculatus;1943
Ochlerotatus geniculatus;1943
Ochlerotatus geniculatus;1942
Ochlerotatus geniculatus;2006
Ochlerotatus geniculatus;2006
Ochlerotatus geniculatus;1913
Ochlerotatus geniculatus;1951
Ochlerotatus geniculatus;1914
Ochlerotatus geniculatus;1935
Ochlerotatus punctor;1950
Ochlerotatus punctor;1951
Ochlerotatus punctor;1951
Ochlerotatus punctor;1948
Ochlerotatus punctor;1948
Ochlerotatus punctor;1923
Ochlerotatus punctor;1954
Ochlerotatus punctor;1948
Ochlerotatus punctor;1948
Ochlerotatus punctor;1950
Ochlerotatus punctor;1950
Ochlerotatus punctor;1950
Ochlerotatus punctor;1950
Ochlerotatus punctor;1950
Ochlerotatus punctor;1950
Ochlerotatus punctor;2006
Ochlerotatus punctor;1922
Ochlerotatus punctor;1922
Ochlerotatus punctor;1948
Ochlerotatus punctor;1950
Ochlerotatus punctor;1958
Ochlerotatus punctor;1941
Ochlerotatus punctor;1950
Ochlerotatus punctor;1968
Ochlerotatus punctor;1922
Ochlerotatus punctor;1950
Ochlerotatus punctor;1950
Ochlerotatus punctor;1951
Ochlerotatus punctor;1951
Ochlerotatus punctor;1951
Ochlerotatus punctor;1950
Ochlerotatus punctor;1949
Ochlerotatus punctor;1920
Ochlerotatus punctor;1915
Ochlerotatus punctor;1945
Ochlerotatus punctor;1948
Ochlerotatus punctor;1948
Ochlerotatus punctor;1951
Ochlerotatus punctor;1951
Ochlerotatus punctor;1938
Ochlerotatus punctor;1926
Ochlerotatus punctor;1922
Ochlerotatus punctor;1950
Ochlerotatus punctor;1926
Ochlerotatus punctor;1961
Ochlerotatus punctor;1950
Ochlerotatus punctor;1950
Ochlerotatus punctor;1950
Ochlerotatus punctor;1961
Ochlerotatus punctor;1954
Ochlerotatus punctor;1954
Ochlerotatus punctor;1948
Ochlerotatus punctor;1937
Ochlerotatus punctor;1937
Ochlerotatus punctor;1926
Ochlerotatus punctor;1949
Ochlerotatus punctor;1954
Ochlerotatus punctor;1954
Ochlerotatus punctor;1938
Ochlerotatus punctor;1938
Ochlerotatus punctor;1937
Ochlerotatus punctor;1938
Ochlerotatus punctor;1954
Ochlerotatus punctor;1942
Ochlerotatus punctor;1951
Ochlerotatus punctor;1938
Ochlerotatus punctor;1952
Ochlerotatus punctor;1954
Ochlerotatus punctor;1950
Ochlerotatus rusticus;2006
Ochlerotatus rusticus;1941
Ochlerotatus rusticus;1943
Ochlerotatus rusticus;1948
Ochlerotatus rusticus;1951
Ochlerotatus rusticus;1945
Ochlerotatus rusticus;1945
Ochlerotatus rusticus;1948
Ochlerotatus rusticus;2006
Ochlerotatus rusticus;2006
Ochlerotatus rusticus;1937
Ochlerotatus rusticus;2006
Ochlerotatus rusticus;1951
Ochlerotatus rusticus;2006
Ochlerotatus rusticus;1945
Ochlerotatus rusticus;1945
Ochlerotatus rusticus;2006
Ochlerotatus sticticus;1947
Ochlerotatus sticticus;1922
Ochlerotatus sticticus;1937
